MOVIE_MovieID,ACTOR_ActorID
11,2
1891,2
1892,2
11,3
78,3
85,3
89,3
1891,3
1892,3
80274,3
11,4
1891,4
1892,4
11,5
11,6
1891,6
1892,6
1893,6
1894,6
1895,6
137106,6
12,7
862,7
12,10
14160,10
62211,10
12,12
12,13
12,14
12,18
2062,18
151960,18
12,19
12,20
12,22
49051,22
146381,22
12,23
13,31
857,31
862,31
10193,31
83542,31
109424,31
140823,31
13,32
2493,32
13,33
13,34
13,35
1930,35
120,48
121,48
122,48
1735,49
38365,49
146233,49
72190,52
214140,52
115,53
330,53
76640,53
134374,53
9361,54
18,62
562,62
680,62
1571,62
1572,62
1573,62
1992,62
27578,62
39514,62
47964,62
59967,62
72559,62
76163,62
146216,62
18,63
1576,63
1577,63
7737,63
35791,63
71679,63
173897,63
18,64
155,64
272,64
12445,64
20504,64
49026,64
97020,64
18,65
120,65
122,65
348,65
1830,65
2062,65
49051,65
18,66
82693,66
22,85
58,85
285,85
1865,85
4133,85
8054,85
11322,85
44896,85
57201,85
680,99
101299,99
277,100
834,100
242042,100
11324,103
24428,103
75656,103
120,109
121,109
122,109
49051,109
120,110
121,110
122,110
1965,110
120,112
121,112
122,112
49051,112
57158,112
160588,112
120,113
121,113
1894,113
1895,113
49051,113
160139,113
22,114
58,114
120,114
121,114
122,114
285,114
57158,114
22,116
58,116
285,116
1893,116
12,118
22,118
58,118
285,118
1865,118
152742,118
203833,118
11,130
1891,130
1892,130
1893,130
1894,130
1895,130
9543,131
146233,131
160588,133
82,134
46195,134
68718,134
117251,134
172385,134
500,138
680,138
755,138
1992,138
68718,138
680,139
110414,139
258216,139
13179,140
25475,140
44683,140
75258,140
86130,140
500,147
36669,147
72559,150
9615,155
155,192
272,192
278,192
39514,192
49026,192
75612,192
75656,192
117263,192
137093,192
137106,192
37233,193
98,194
671,194
11430,199
597,204
11619,204
157350,204
557,205
558,205
559,205
1588,205
58244,205
109443,205
8871,206
37165,206
272,207
56292,207
57201,207
38055,212
157370,212
1724,227
72710,227
137321,227
453,228
37165,228
37233,228
49047,228
110415,228
134374,228
1271,230
14161,230
209247,230
1724,231
36669,263
161,287
550,287
16869,287
38055,287
72190,287
76203,287
109091,287
9361,289
453,290
8054,290
14160,290
64807,326
157350,327
20504,333
204082,334
49521,335
2503,349
49040,349
37165,350
162903,350
82690,352
205724,352
15512,368
59962,368
22,378
58,378
285,378
10307,378
14869,378
72559,378
240,380
769,380
64807,380
77663,380
82693,380
112205,380
137093,380
168672,380
242076,380
920,381
767,388
4638,388
12445,388
83542,388
85889,388
146223,388
280,418
1573,418
152532,424
146233,427
49538,429
127585,429
10191,449
97020,449
209247,449
41154,450
97630,450
13475,451
152737,452
77950,454
168672,454
671,477
767,477
12444,477
12445,477
62177,477
146381,477
85889,478
110414,478
110415,478
249397,478
85889,480
4538,486
330,488
37233,500
56292,500
75612,500
75780,500
24021,501
50619,501
121,502
122,502
100241,502
278,504
510,514
1422,514
9506,514
36669,517
107985,517
126250,517
510,518
80321,519
105,521
11824,521
1893,524
1894,524
1895,524
4538,524
10195,524
76338,524
27205,526
115782,526
68721,529
70981,529
603,530
76649,530
603,532
272,534
1573,534
138832,539
272,544
68718,547
1830,569
132344,569
78,585
272,585
202214,585
78,586
78,587
136400,587
78,588
78,589
78,590
18,591
78,591
78,592
78,593
82,643
1248,643
89,649
85,650
85,652
4638,652
85,653
85,655
89,655
120,655
121,655
122,655
11238,655
85,656
89,656
85,658
558,658
9543,658
44896,658
62211,658
146381,658
85,659
58574,659
85,660
85,661
85,662
11,663
85,663
10681,670
72190,677
162903,677
160139,678
2501,679
2502,679
4133,679
11238,725
89,738
646,738
8698,738
89,739
89,740
1891,740
89,741
89,742
89,743
82675,743
89,744
89,745
89,746
89,748
89,749
193756,762
18823,766
53182,766
121640,766
808,776
809,776
10192,776
13995,780
679,781
169298,783
255491,783
11322,785
68718,785
550,819
1724,819
49040,819
280,820
250802,820
4133,824
106646,824
49040,825
129670,825
151960,825
161,827
115,856
41283,879
68734,880
146238,880
120,882
121,882
122,882
1724,882
115,884
500,884
680,884
38365,884
62211,884
76492,884
172391,884
155,886
57201,886
68724,886
920,887
4538,887
49013,887
116741,887
175574,887
98,934
453,934
49521,934
86834,934
137321,934
98,935
110414,935
258216,935
98,936
98,937
834,937
98,938
1996,938
98,939
98,940
98,941
2502,941
98,942
1865,955
4133,955
109091,955
8698,973
18823,973
49538,973
59951,973
59951,974
12444,975
12445,975
27578,976
76163,976
119283,976
136418,976
168259,976
204082,976
834,978
12437,978
36668,980
107846,980
8698,992
11619,1003
240,1004
49538,1007
18823,1019
36557,1019
41602,1019
500,1037
680,1037
755,1037
68724,1038
329,1060
105,1062
510,1062
105,1063
105,1064
242076,1064
105,1065
136795,1065
105,1066
105,1067
105,1068
105,1069
840,1069
105,1070
105,1072
105,1074
218,1100
280,1100
296,1100
27578,1100
76163,1100
76640,1100
87101,1100
107846,1100
840,1101
36668,1103
1865,1115
11322,1115
59951,1116
857,1117
255491,1117
10307,1118
12444,1118
82675,1118
188207,1118
277,1119
76338,1121
81005,1125
110415,1125
124905,1137
132344,1146
238,1158
240,1158
242,1158
112205,1160
200,1164
86829,1164
1965,1170
86834,1173
161,1204
152737,1204
115,1229
1726,1229
20526,1229
49524,1229
115,1230
62211,1230
68734,1230
86829,1230
87502,1230
109439,1230
116741,1230
115,1231
330,1231
133805,1231
138697,1231
115,1232
115,1233
101299,1233
115,1234
2105,1234
2770,1234
11452,1234
71552,1234
244688,1234
115,1235
115,1236
115,1237
115,1238
169298,1238
115,1239
115,1240
115,1241
1858,1241
8373,1241
9506,1241
38356,1241
49013,1241
115,1242
123553,1244
1124,1245
10138,1245
24428,1245
100402,1245
138697,1245
152601,1245
11324,1246
49013,1246
2501,1248
2502,1248
36658,1248
39514,1248
146216,1248
152601,1248
49521,1269
20676,1270
161,1271
242,1271
172385,1271
11324,1276
1573,1280
16577,1281
146381,1281
534,1283
550,1283
767,1283
12444,1283
12445,1283
57201,1283
1995,1284
1996,1284
172391,1285
76285,1294
13475,1295
120,1327
121,1327
122,1327
11619,1327
32261,1327
36657,1327
36658,1327
36668,1327
49051,1327
57158,1327
127585,1327
120,1328
121,1328
122,1328
9339,1328
217993,1328
120,1329
121,1329
122,1329
120,1330
121,1330
122,1330
2080,1330
120,1331
121,1331
122,1331
603,1331
1771,1331
1858,1331
8373,1331
38356,1331
49051,1331
83542,1331
120,1332
121,1332
12437,1332
120,1333
121,1333
122,1333
1124,1333
11619,1333
49051,1333
1735,1336
27578,1336
76163,1336
14756,1341
119892,1341
263341,1341
120,1365
122,1365
36669,1365
120,1366
13475,1366
119283,1366
121,1369
122,1369
597,1369
121,1370
510,1370
121,1371
122,1371
1271,1371
11322,1371
53182,1371
121,1372
122,1372
2502,1372
2789,1372
13475,1372
39514,1372
54138,1372
77951,1372
87421,1372
211449,1372
122,1381
122,1382
122,1383
285,1430
1865,1430
161,1461
755,1461
9473,1461
49047,1461
1724,1462
146233,1470
4538,1532
8273,1537
155,1579
117251,1579
8409,1607
285,1619
119892,1619
1735,1620
9381,1620
263341,1620
203833,1639
58,1640
285,1640
10195,1640
24428,1640
76338,1640
110414,1640
169881,1640
249397,1640
258216,1640
110414,1642
249397,1642
12444,1643
12445,1643
110414,1646
249397,1646
840,1650
82,1665
58574,1665
81005,1665
85889,1665
107985,1665
22,1709
58,1709
285,1709
22,1710
58,1710
285,1710
22,1711
58,1711
285,1711
22,1712
22,1713
22,1714
81005,1714
22,1715
58,1715
22,1716
13475,1716
22,1717
86834,1733
119283,1733
2062,1736
38356,1736
39514,1736
49538,1736
68718,1736
840,1739
152,1748
154,1748
152,1749
154,1749
13475,1749
38356,1749
54138,1749
152,1750
154,1750
152,1751
154,1751
152,1752
154,1752
175574,1752
152,1753
154,1753
152,1754
154,1754
152,1755
13475,1755
152,1756
152,1757
152,1759
238,1769
242,1769
1893,1769
857,1771
11322,1771
19995,1771
109451,1772
154,1793
154,1794
154,1795
154,1796
75780,1799
155,1810
8054,1810
11324,1812
68728,1812
46195,1813
49026,1813
172385,1813
154,1818
218,1818
152,1820
96721,1833
85889,1834
1996,1844
16869,1844
41602,1844
59962,1844
161,1892
857,1892
1422,1892
2501,1892
2502,1892
2503,1892
68724,1892
161,1893
164457,1893
161,1894
161,1895
161,1896
10138,1896
68721,1896
87502,1896
161,1897
1858,1897
10527,1897
161,1898
177494,1898
161,1900
64807,1903
68734,1903
155,1904
161,1906
140823,1907
37165,1912
13475,1920
204082,1920
146216,1922
671,1923
767,1923
12444,1923
12445,1923
62177,1923
32261,1924
808,1925
49013,1926
1593,1937
82684,1951
105,1953
105,1954
597,1954
76203,1981
146238,1983
87502,1986
155,2037
272,2037
27205,2037
49026,2037
58,2038
82,2038
285,2038
37724,2038
192136,2038
12444,2039
26963,2039
77931,2039
14869,2040
76338,2040
14161,2047
255268,2047
37233,2048
109091,2049
218,2053
597,2053
679,2053
136400,2053
562,2055
597,2076
91586,2128
2493,2130
36668,2131
68718,2141
37233,2144
257093,2144
812,2157
1593,2157
11238,2157
132363,2157
680,2165
26123,2165
331,2169
152532,2171
190955,2171
241,2176
1771,2176
41154,2176
112205,2176
76640,2178
132363,2178
164457,2178
597,2179
9381,2192
11324,2201
16186,2202
1771,2203
146216,2203
256731,2203
49529,2206
329,2211
557,2219
558,2219
559,2219
64682,2219
834,2220
8698,2220
76338,2220
8681,2221
82675,2221
2493,2223
110414,2224
258216,2224
50546,2227
2649,2228
116745,2228
49519,2229
109424,2229
208134,2229
209263,2229
329,2231
680,2231
769,2231
1572,2231
1726,2231
1771,2231
1893,2231
1894,2231
1895,2231
9257,2231
10138,2231
10195,2231
16577,2231
16869,2231
24428,2231
68718,2231
77950,2231
87516,2231
97020,2231
100402,2231
240916,2231
920,2232
10193,2232
49013,2232
97020,2232
242,2233
32261,2233
242,2234
68718,2234
10764,2244
36557,2244
110414,2244
85,2247
12445,2247
110414,2251
9543,2282
11324,2282
68721,2282
80274,2282
169881,2282
1771,2283
70160,2283
76285,2283
81005,2283
91314,2283
101299,2283
162903,2283
10138,2295
16164,2295
27578,2295
2501,2296
9839,2296
190955,2296
109091,2310
160139,2310
2493,2314
680,2319
9902,2320
49521,2320
203833,2340
558,2368
559,2368
1487,2372
68726,2372
76285,2372
155084,2372
200,2387
36657,2387
36658,2387
36668,2387
127585,2387
200,2388
200,2390
200,2391
200,2392
200,2393
8587,2395
10193,2395
11430,2395
18,2406
77338,2411
58,2440
277,2440
285,2440
834,2440
4638,2440
11619,2440
12437,2440
12444,2440
16577,2440
44896,2440
57165,2440
64635,2440
81005,2440
100241,2440
107985,2440
122906,2440
58,2441
285,2441
111473,2441
122906,2441
22,2449
58,2449
285,2449
1865,2449
22,2450
58,2450
58,2451
22,2452
58,2452
137093,2453
7443,2461
146381,2467
1576,2477
98,2478
1422,2482
12444,2482
559,2505
76338,2506
200,2516
200,2517
558,2517
49040,2517
200,2518
27205,2524
49026,2524
59962,2524
755,2536
1992,2536
68718,2536
68734,2536
9615,2537
16869,2539
680,2545
20526,2547
82700,2598
192136,2606
72190,2607
192136,2607
192136,2619
15512,2628
76649,2628
1734,2629
953,2632
10527,2632
38365,2632
80321,2632
137321,2639
1577,2686
9257,2694
75780,2695
218,2712
679,2712
1992,2712
218,2713
280,2713
218,2714
679,2714
840,2714
110122,2714
218,2715
218,2716
280,2716
296,2716
218,2717
218,2719
37632,2719
209247,2876
256731,2876
16164,2882
49521,2882
8054,2887
20504,2887
41154,2888
82700,2888
137321,2888
10764,2954
36557,2954
2501,2955
152737,2955
14161,2956
18823,2957
38356,2962
1830,2963
16577,2963
49519,2963
71676,2963
199373,2963
500,2969
603,2975
20676,2975
49521,2975
168530,2975
172391,2975
116741,2978
9381,2983
49529,2983
97630,2983
146381,2983
1573,3010
106646,3026
13475,3033
177494,3035
14161,3036
132363,3036
199373,3036
242076,3036
840,3037
39514,3037
105,3038
11,3044
209263,3051
4133,3052
9762,3052
140823,3052
1893,3061
1894,3061
1895,3061
81005,3061
152737,3061
110415,3063
12444,3064
12445,3064
597,3071
81005,3072
238,3084
238,3085
240,3085
109451,3085
190955,3085
238,3086
238,3087
240,3087
75780,3087
238,3088
238,3090
238,3091
238,3092
240,3092
242,3092
238,3093
238,3094
240,3094
242,3094
238,3095
238,3096
240,3096
36669,3125
138843,3127
190955,3127
175555,3128
500,3129
680,3129
1724,3129
20504,3130
809,3131
10192,3131
146381,3131
755,3136
38365,3136
680,3137
680,3138
10192,3138
755,3140
9506,3141
238,3142
238,3143
238,3144
242,3144
238,3145
240,3171
240,3172
240,3173
240,3174
242,3174
241,3196
755,3196
152737,3196
241,3197
857,3197
241,3198
155084,3201
241,3202
82690,3202
109445,3202
241,3203
9361,3203
500,3206
241,3208
241,3210
500,3214
146238,3218
241,3223
1724,3223
1726,3223
10138,3223
24428,3223
58574,3223
68721,3223
330,3229
10193,3234
242,3265
242,3266
49013,3266
242,3267
242,3268
242,3269
240,3279
240,3280
240,3281
83542,3291
18823,3292
49538,3292
81005,3292
127585,3292
1734,3293
49040,3293
68728,3293
767,3300
12444,3300
12445,3300
240,3333
1965,3392
2649,3392
137093,3392
126250,3398
126250,3402
207323,3407
238,3413
238,3414
157350,3417
510,3418
4538,3490
1577,3491
49013,3491
68718,3493
68734,3497
97630,3497
106646,3497
920,3636
1417,3653
597,3713
72710,3713
10764,3753
36557,3753
1891,3799
1892,3799
13995,3809
37724,3810
109091,3810
1417,3813
24253,3855
2503,3872
16869,3872
96721,3872
162903,3872
155,3894
272,3894
534,3894
1124,3894
11322,3894
49026,3894
164457,3894
168672,3894
155,3895
272,3895
1124,3895
27205,3895
49013,3895
49026,3895
75656,3895
272,3896
1893,3896
8681,3896
18823,3896
44833,3896
49026,3896
57165,3896
82675,3896
109443,3896
137106,3896
172391,3896
227783,3896
272,3897
272,3899
27205,3899
124905,3899
272,3900
2789,3900
9839,3900
1248,3901
76338,3901
109091,3901
331,3905
857,3907
38356,3910
80321,3910
11324,3911
2503,3926
37724,3926
49040,3926
160139,3934
12437,3952
100241,3952
277,3967
834,3967
9339,3967
52520,3967
64635,3967
277,3968
834,3968
12437,3968
20526,3968
44683,3968
277,3969
834,3969
12437,3969
277,3970
277,3971
834,3971
91314,3971
277,3972
35791,3972
71679,3972
280,3977
280,3978
280,3979
280,3980
280,3981
679,3981
280,3982
8681,3982
106646,4003
98,4012
11324,4012
110415,4025
278,4029
68734,4029
22,4030
285,4030
68728,4030
242076,4030
22,4031
285,4031
13475,4031
83542,4038
1103,4078
116745,4090
100402,4135
348,4139
10195,4173
76338,4173
86834,4173
146216,4173
1487,4175
8871,4175
15512,4175
109439,4175
117251,4177
329,4201
534,4238
75656,4238
920,4252
49013,4252
134374,4252
13179,4255
87516,4255
110414,4273
249397,4273
258216,4273
52520,4391
146381,4391
8275,4443
8277,4443
155084,4451
201066,4451
3511,4455
126250,4458
126250,4459
126250,4460
50546,4491
138832,4491
20352,4495
93456,4495
109443,4495
115782,4512
117251,4512
18823,4513
242042,4515
256474,4515
769,4517
562,4566
671,4566
767,4566
12444,4566
12445,4566
132363,4566
1593,4581
93456,4581
205220,4581
36657,4587
36658,4587
36668,4587
36669,4587
83542,4587
127585,4587
93456,4589
109451,4589
857,4654
10307,4687
136795,4688
680,4690
9339,4690
97630,4691
209263,4691
769,4692
49524,4724
49538,4724
1422,4733
230222,4753
8587,4756
11430,4756
809,4757
146381,4757
9506,4764
82690,4764
169813,4766
36668,4776
117251,4776
840,4778
13995,4778
329,4783
331,4783
107846,4783
329,4784
331,4784
329,4785
330,4785
20676,4785
329,4786
330,4786
329,4787
330,4787
72559,4787
329,4788
330,4788
329,4789
329,4790
329,4791
162903,4796
109091,4810
36557,4812
330,4935
9361,4935
18823,4935
27205,4935
330,4937
109443,4937
116741,4937
146239,4937
330,4938
331,4939
331,4940
214140,4940
331,4941
168672,4941
331,4942
331,4943
331,4944
11,4945
562,4995
348,5047
240,5048
348,5048
1103,5048
24428,5048
44896,5048
76640,5048
348,5049
671,5049
1487,5049
12444,5049
12445,5049
32261,5049
41602,5049
110415,5049
348,5050
348,5051
348,5052
152737,5064
59967,5081
201066,5090
4133,5129
250802,5131
54138,5141
920,5149
10193,5149
49013,5149
62211,5149
68718,5150
10307,5168
769,5170
20504,5292
87502,5292
136400,5292
12,5293
557,5293
558,5293
559,5293
49529,5293
164457,5293
249397,5293
256731,5293
14161,5294
76203,5294
87516,5296
4538,5301
1865,5309
2789,5309
10764,5309
36557,5309
36669,5309
37724,5309
205220,5309
160139,5313
13475,5365
68726,5365
119283,5365
68728,5367
19913,5375
68718,5377
11452,5395
1576,5414
36669,5414
71679,5414
14869,5419
168672,5419
12444,5469
12445,5469
18823,5469
37724,5469
57165,5469
111473,5469
111473,5470
1992,5471
557,5502
558,5502
559,5502
49538,5530
85889,5530
127585,5530
12437,5533
1422,5538
44896,5538
86834,5538
13475,5575
151960,5576
769,5578
77931,5587
96721,5644
4538,5657
13179,5657
25475,5657
75258,5657
86130,5657
767,5658
12444,5658
12445,5658
20504,5658
19913,5661
117263,5694
10328,5698
8355,5713
57800,5713
425,5723
950,5723
1573,5723
8355,5723
57800,5723
77951,5723
168530,5723
172385,5723
425,5724
950,5724
1930,5724
8355,5724
57800,5724
425,5725
109091,5725
425,5726
10527,5726
80321,5726
425,5727
13053,5727
809,5823
10192,5823
20352,5823
24021,5887
4133,5915
16164,5916
76101,5950
106646,5953
152601,5953
208134,5953
10192,5960
15357,6018
14869,6065
82693,6066
76649,6071
56292,6079
16869,6091
160139,6091
126250,6120
453,6161
86834,6161
137321,6161
453,6162
1726,6162
10138,6162
24428,6162
68721,6162
453,6163
857,6163
453,6164
453,6165
453,6166
453,6167
12,6168
453,6168
453,6169
453,6170
453,6171
453,6172
453,6173
453,6174
453,6175
453,6176
453,6177
453,6178
453,6179
453,6180
453,6181
453,6182
453,6183
146238,6183
597,6193
1422,6193
11324,6193
27205,6193
64682,6193
68718,6193
106646,6193
296,6194
97630,6195
2062,6197
10328,6197
1573,6198
11619,6199
12445,6199
82693,6217
24428,6280
24253,6283
56292,6283
19913,6321
132363,6352
157099,6352
9902,6365
1930,6368
155,6383
100241,6383
117263,6383
603,6384
64686,6384
1992,6407
296,6408
2080,6413
18823,6413
57165,6413
18823,6416
49529,6416
1572,6438
8698,6497
1103,6542
9473,6542
278,6573
1573,6573
68721,6573
278,6574
171776,6574
204082,6574
278,6575
278,6576
679,6576
91314,6576
278,6577
37165,6579
559,6585
9473,6613
2787,6614
47964,6614
117263,6614
110414,6692
13995,6701
49538,6719
68718,6725
953,6730
10527,6730
80321,6730
13,6751
1571,6752
49040,6752
68734,6752
1572,6804
137321,6804
10138,6807
157099,6807
75780,6818
41602,6832
75612,6832
87502,6832
117263,6832
146233,6832
1103,6856
168259,6856
209247,6856
214140,6858
13475,6860
1992,6862
16577,6885
70981,6885
77931,6886
68718,6905
129670,6905
500,6937
500,6938
500,6939
808,6941
809,6941
10192,6941
109091,6941
557,6944
110415,6944
557,6945
38356,6949
39514,6949
146216,6949
57201,6951
1124,6968
2080,6968
11619,6968
36657,6968
36658,6968
36668,6968
49538,6968
76170,6968
127585,6968
146233,6968
1865,6972
81005,6972
769,7004
1248,7026
1930,7026
12444,7026
1995,7031
96721,7031
680,7036
1577,7055
35791,7055
71679,7055
12445,7056
41154,7056
62177,7056
140823,7056
1576,7059
71679,7059
203833,7059
49051,7060
57158,7060
107985,7060
510,7071
510,7072
510,7073
510,7075
510,7077
510,7079
510,7085
36668,7090
41602,7132
107846,7132
135397,7132
86829,7133
87516,7133
160588,7133
76589,7137
105,7139
769,7164
862,7167
10193,7167
5689,7192
808,7210
296,7218
296,7219
550,7219
72190,7219
296,7220
296,7221
296,7222
296,7223
296,7226
1894,7242
1895,7242
603,7244
1571,7248
4133,7248
4133,7268
13995,7333
953,7399
1593,7399
10527,7399
38055,7399
80321,7399
116745,7399
18,7400
91586,7401
191566,7401
82690,7404
9902,7431
123553,7431
1422,7447
10527,7447
160588,7447
550,7470
550,7471
550,7472
1124,7487
550,7497
550,7498
550,7499
1830,7499
152532,7499
1103,7502
39514,7502
204082,7517
557,7624
558,7624
559,7624
1724,7624
1726,7624
1771,7624
10138,7624
10195,7624
24428,7624
36657,7624
36668,7624
68721,7624
76338,7624
100402,7624
10328,7668
562,7672
1573,7672
562,7673
1573,7673
562,7674
562,7675
11452,7675
562,7676
1573,7676
562,7677
562,7678
562,7679
646,7682
11,7727
16869,7803
203833,7804
862,7882
14160,7882
2493,7904
62211,7904
12,7907
862,7907
920,7907
1891,7907
2062,7907
10193,7907
14160,7907
49013,7907
62211,7907
1891,7908
1892,7908
1893,7908
1894,7908
1895,7908
62211,7908
12,7911
862,7911
14160,7960
2062,7962
175574,8029
9799,8167
13804,8167
51497,8167
82992,8167
168259,8167
1858,8169
8373,8169
38356,8169
51497,8169
82992,8169
168259,8169
51497,8171
82992,8171
52520,8177
137093,8177
10328,8188
1571,8191
47964,8197
70160,8210
2105,8211
2770,8211
71552,8211
16869,8229
11322,8289
190955,8289
11322,8293
27205,8293
49026,8293
109443,8293
190955,8293
8587,8294
11430,8294
2787,8329
117263,8329
199373,8329
35791,8335
1422,8349
1930,8349
1577,8358
1577,8370
18,8395
18,8396
18,8397
18,8398
18,8399
18,8400
97630,8435
7443,8436
12444,8436
840,8437
59967,8447
597,8534
597,8535
597,8536
13475,8536
68734,8536
597,8537
597,8538
597,8539
597,8540
597,8541
597,8543
597,8544
597,8545
597,8547
597,8548
597,8549
597,8550
597,8551
597,8552
597,8553
68724,8602
49026,8654
115782,8654
172631,8654
862,8655
68724,8688
133805,8689
4538,8690
22,8691
13475,8691
19995,8691
54138,8691
164457,8691
190955,8691
1588,8696
13995,8699
107846,8767
12,8783
13475,8783
146223,8783
193756,8783
1995,8784
10764,8784
36557,8784
37724,8784
82,8785
12444,8785
12445,8785
49529,8785
71676,8785
109445,8785
146223,8785
214140,8785
49521,8786
10764,8789
101299,8792
1593,8854
68728,8854
862,8873
680,8891
13053,8891
77663,8891
136795,8897
809,8930
10192,8930
36669,8930
151960,8930
177494,8944
137093,8945
2649,8986
1248,9013
62177,9013
12445,9015
62177,9015
52520,9029
2789,9030
14161,9030
1726,9048
10138,9048
10195,9048
19913,9048
24428,9048
15512,9137
767,9138
12445,9138
9799,9186
57158,9188
62177,9188
767,9191
7443,9191
12444,9191
12445,9191
58244,9191
64686,9195
76170,9195
559,9207
1103,9221
240,9257
49521,9273
152601,9273
168672,9273
8409,9276
152532,9278
557,9281
558,9281
559,9281
70160,9281
101299,9281
137106,9281
10307,9284
65291,9290
550,9291
22,9298
603,9364
603,9372
603,9374
1894,9374
603,9376
603,9378
603,9380
603,9383
12437,9383
603,9384
27578,9437
119283,9452
20676,9554
329,9559
14869,9562
136795,9562
953,9575
10527,9575
80321,9575
49519,9599
8681,9629
82675,9629
13,9640
8054,9642
58574,9642
192134,9642
76640,9656
208134,9656
132363,9777
168530,9778
16710,9780
59962,9780
117263,9780
10307,9781
1103,9785
755,9811
16869,9824
72710,9824
1894,9827
49538,9827
91586,9827
116741,9827
20526,9828
86829,9828
1271,9831
18823,9831
71676,9831
225747,9831
36657,9832
646,9871
646,9872
646,9873
646,9874
646,9875
646,9876
646,9877
646,9878
152737,9880
164457,9880
105,9971
37632,10017
1858,10127
1995,10127
218266,10127
2789,10132
10195,10132
4133,10135
680,10182
56292,10182
156717,10182
348,10205
679,10205
19995,10205
679,10206
679,10207
679,10208
679,10209
679,10210
679,10211
679,10212
679,10213
106646,10297
152532,10297
32261,10341
9839,10399
255491,10399
136400,10430
157370,10431
37233,10478
9257,10480
2493,10556
59967,10580
214140,10580
49026,10582
671,10655
1995,10655
12445,10655
32261,10655
11,10657
4638,10669
562,10673
26367,10676
68724,10680
138697,10689
36657,10690
36658,10690
36668,10690
8681,10696
36657,10696
36658,10696
36668,10696
76170,10696
82675,10696
36658,10697
77931,10697
36669,10699
1734,10727
1735,10727
8587,10730
1891,10734
151960,10742
91586,10767
5689,10775
1735,10779
96721,10779
11322,10822
121640,10822
1487,10841
2502,10841
156717,10843
68726,10847
8698,10849
2080,10859
11452,10859
49519,10859
49524,10859
77950,10859
64635,10860
100542,10862
242076,10862
2105,10871
2770,10871
71552,10871
2062,10872
116745,10872
20526,10874
36669,10881
36669,10882
57165,10882
75780,10882
107985,10882
9799,10883
36669,10883
117263,10883
36669,10884
64635,10884
76170,10884
36669,10885
36557,10912
53182,10912
36557,10916
36557,10917
36557,10920
1858,10959
8373,10959
38356,10959
41602,10959
110414,10959
249397,10959
258216,10959
13804,10964
19995,10964
109417,10964
671,10978
767,10978
12445,10978
671,10979
671,10980
767,10980
12444,10980
12445,10980
157370,10980
671,10981
12444,10981
671,10982
12444,10982
671,10983
1865,10983
12444,10983
671,10984
671,10985
671,10986
671,10987
8054,10987
671,10988
767,10988
12444,10988
12445,10988
671,10989
767,10989
12444,10989
12445,10989
41602,10989
671,10990
767,10990
12444,10990
12445,10990
86834,10990
671,10991
767,10991
12444,10991
12445,10991
671,10992
12445,10992
671,10993
767,10993
12444,10993
12445,10993
36657,11006
36658,11006
36668,11006
109443,11006
132363,11006
136400,11006
1893,11007
14869,11007
36657,11007
72559,11007
36657,11008
36658,11008
36668,11008
49538,11008
36658,11022
36668,11022
36658,11023
36668,11023
127585,11023
36658,11024
65291,11024
110414,11044
37724,11045
2503,11064
37233,11064
49040,11064
124905,11064
10328,11065
37233,11065
16164,11066
37233,11066
9361,11067
37233,11067
13179,11074
175555,11074
12192,11077
151960,11085
534,11086
49538,11086
36668,11107
157370,11107
193756,11107
4638,11108
8355,11108
13475,11108
54138,11108
56292,11108
107985,11108
4638,11109
57800,11109
107985,11109
9839,11110
110414,11110
2502,11148
2503,11148
49040,11148
16164,11155
755,11158
755,11159
920,11159
8587,11159
11430,11159
49013,11159
755,11160
156717,11160
169298,11160
255268,11160
256474,11160
259879,11160
755,11161
68718,11161
680,11162
755,11162
755,11163
755,11164
57165,11177
12445,11179
767,11180
12445,11180
107985,11180
136418,11180
767,11184
1892,11184
1893,11184
12444,11184
12445,11184
81005,11184
50444,11195
767,11207
12444,11207
12445,11207
146216,11207
162903,11207
767,11212
12444,11212
12445,11212
57158,11275
58574,11275
10764,11276
146216,11276
1865,11279
203833,11279
24021,11288
50619,11288
12444,11291
12445,11291
9839,11315
37165,11315
190955,11315
37165,11317
37165,11318
37165,11321
10196,11354
12444,11355
12445,11355
49013,11355
65291,11355
7443,11356
12444,11356
557,11357
558,11357
559,11357
68728,11357
140823,11367
2062,11390
769,11477
4133,11477
157099,11477
769,11478
769,11479
240,11480
769,11480
769,11481
769,11482
769,11483
769,11484
769,11485
769,11486
87516,11486
146238,11512
115283,11514
209406,11514
49524,11516
129670,11516
134374,11519
146381,11616
15512,11652
19913,11664
105,11673
2789,11677
68724,11677
8373,11678
15512,11678
1995,11701
1996,11701
9839,11701
205724,11702
68718,11703
2502,11705
56292,11705
157099,11705
217993,11705
330,11764
44896,11764
557,11769
558,11769
559,11769
68728,11769
1103,11782
1103,11784
1103,11786
680,11803
680,11804
680,11805
680,11806
62211,11806
680,11807
8681,11825
41283,11825
50619,11825
82675,11825
1487,11826
72559,11827
49521,11831
58574,11855
9361,11856
1576,11867
1577,11867
8871,11870
1573,11901
11324,11902
86829,11902
2501,12041
2502,12041
2503,12041
82693,12041
132344,12042
1726,12052
1965,12052
10138,12052
24428,12052
68721,12052
808,12073
809,12073
10192,12073
16869,12073
808,12074
808,12075
808,12076
808,12077
812,12077
8587,12077
11238,12077
11430,12077
21385,12077
175112,12077
808,12078
808,12080
809,12080
10527,12080
15512,12080
809,12094
808,12095
809,12095
109451,12095
809,12097
10527,12097
38055,12097
808,12098
10527,12098
15512,12098
86829,12111
146238,12111
862,12133
10193,12133
8698,12206
71676,12210
11,12248
1891,12248
1892,12248
115782,12260
834,12358
834,12359
1487,12359
834,12366
834,12367
834,12371
10195,12371
49521,12371
52520,12371
834,12372
840,12424
840,12427
840,12428
840,12438
840,12439
840,12440
840,12441
840,12442
840,12443
840,12444
191566,12519
1894,12536
18,12642
2649,12647
32261,12656
840,12677
840,12678
44833,12688
1726,12708
1577,12714
257093,12714
9257,12792
7737,12793
75612,12795
9799,12796
8373,12797
38356,12797
49538,12797
82700,12797
1577,12801
22,12802
11,12829
857,12833
857,12834
57201,12834
857,12835
2787,12835
2789,12835
8409,12835
9381,12835
9799,12835
13804,12835
51497,12835
82992,12835
87421,12835
168259,12835
211449,12835
857,12836
857,12838
1248,12838
14160,12890
862,12898
10193,12898
862,12899
862,12900
2493,12900
10193,12900
862,12901
862,12903
177494,12930
201066,12930
37233,12932
72190,12982
162903,12982
1771,13014
12444,13014
100402,13014
101299,13014
27205,13022
41283,13022
256731,13022
1572,13023
168672,13023
13475,13024
192136,13093
9839,13100
1422,13240
91314,13240
134374,13240
136400,13240
193756,13240
857,13242
76203,13242
77950,13242
140823,13242
10328,13260
10195,13275
44833,13275
64686,13275
76338,13275
172385,13299
16710,13307
132363,13309
49013,13333
132363,13333
110414,13363
255268,13391
1588,13446
9902,13446
2493,13524
49538,13525
117251,13525
2649,13549
11324,13550
75656,13550
77931,13593
425,13636
534,13724
10193,13726
13995,13726
44896,13726
8871,13924
16710,13936
155,13939
160139,14011
38356,14102
240,14151
109091,14329
199373,14329
562,14333
10195,14343
76338,14343
4638,14344
116711,14386
953,14409
10527,14409
80321,14409
24428,14464
671,14469
2493,14541
329,14592
135397,14592
1248,14593
12573,14669
2649,14701
1858,14721
8373,14721
38356,14721
115782,14721
199373,14721
12,14723
161,14731
11824,14737
10138,14741
27578,14771
840,14792
36668,14792
1573,14796
11824,14848
2649,14849
2503,14887
4638,14887
107985,14887
168530,14888
133805,14889
1577,14903
950,14991
82,15009
38055,15009
10307,15029
177494,15029
1571,15033
38055,15033
77951,15033
177494,15033
8871,15034
5689,15110
37632,15111
76163,15111
205724,15111
11,15152
1891,15152
1892,15152
8587,15152
98,15196
8698,15196
1724,15232
557,15253
11322,15268
1726,15277
10138,15277
68721,15277
106646,15277
41602,15321
329,15335
156717,15336
57201,15374
13475,15376
68726,15376
199373,15376
1577,15440
58574,15440
76649,15440
123553,15440
1103,15449
1103,15450
68734,15455
1735,15498
18823,15498
9257,15533
169881,15533
1771,15543
1124,15555
59967,15555
1124,15556
68721,15556
146223,15556
172391,15563
240,15659
8871,15661
10328,15661
171776,15661
39514,15735
62211,15735
146216,15735
767,15737
3071,15737
12444,15737
12445,15737
37724,15737
425,15757
950,15757
8355,15757
57800,15757
950,15758
8355,15758
57800,15758
950,15760
109417,15760
25475,15761
65291,15761
76589,15761
175112,15761
109424,15824
812,15827
11238,15827
812,15829
11238,15829
812,15830
812,15831
8587,15831
11238,15831
21385,15831
21956,15831
38356,15831
91314,15831
812,15832
11238,15832
812,15833
117263,15852
157350,15852
9361,15853
19995,15853
9799,15854
11324,15854
68721,15860
91314,15860
132363,15864
151960,15886
209263,15886
13053,15892
920,15897
49013,15897
175555,15897
920,15898
920,15899
16781,15899
920,15900
920,15902
920,15903
9543,15913
85889,15956
8587,16060
76492,16165
59951,16170
16781,16217
12444,16358
1124,16407
21956,16418
115,16431
72710,16460
105,16474
27578,16483
64807,16483
76163,16483
107846,16483
12192,16501
77663,16501
49026,16607
85889,16628
27578,16644
76163,16644
70981,16702
1734,16743
14869,16743
65291,16743
72559,16743
14161,16756
1248,16789
1248,16790
1248,16791
1248,16792
1248,16793
151960,16814
1771,16828
24428,16828
76338,16828
100402,16828
110415,16828
109445,16842
16869,16847
1992,16850
1992,16851
41154,16851
87516,16851
160588,16859
82,16861
755,16861
57800,16866
119283,16866
82,16867
9381,16927
87827,16927
68718,16937
1572,16940
8587,16940
160139,16940
1417,16970
1417,16971
1417,16972
1417,17005
1487,17005
1417,17006
1417,17007
72190,17018
76203,17018
174378,17026
137106,17039
138832,17039
557,17051
558,17051
559,17051
68728,17051
177494,17051
204082,17051
559,17052
37724,17064
83542,17064
107985,17078
76640,17093
1417,17094
1417,17095
1417,17096
107985,17123
44896,17140
80274,17140
152737,17140
59967,17142
76203,17142
146233,17142
70981,17178
91586,17178
138843,17178
558,17179
68721,17181
91586,17181
135397,17181
11324,17183
97020,17183
12,17190
1422,17194
1487,17199
2503,17199
49040,17199
109424,17199
1726,17200
1894,17244
1895,17244
201066,17245
1271,17276
1996,17276
10191,17276
82684,17276
117263,17276
1487,17283
1271,17286
3511,17286
53182,17286
123553,17286
1248,17287
1271,17287
49529,17287
1271,17288
16869,17288
49538,17288
70981,17288
76203,17288
109091,17288
127585,17288
217316,17288
1271,17289
46195,17289
53182,17289
76640,17289
172385,17289
1271,17290
53182,17290
1271,17291
53182,17291
1271,17292
1271,17293
1271,17294
7737,17303
35791,17303
71679,17303
230896,17304
13475,17305
13475,17306
54138,17306
72331,17328
18823,17337
1858,17341
47964,17341
256474,17341
49524,17343
1572,17351
97020,17352
11,17356
146216,17356
12,17401
425,17401
44896,17401
138843,17402
331,17413
1992,17413
49529,17419
64635,17419
68734,17419
80321,17419
124905,17419
210047,17419
550,17449
12444,17479
152742,17484
14161,17485
49538,17485
110415,17486
169813,17487
58574,17521
87502,17521
9257,17604
10195,17604
24428,17604
49040,17604
56292,17604
168672,17604
10195,17605
68726,17605
70981,17605
71676,17605
76338,17605
192136,17605
85889,17606
1571,17628
47964,17628
72331,17628
115283,17628
2770,17641
1576,17647
9257,17647
9799,17647
13804,17647
19995,17647
71679,17647
77950,17647
82992,17647
1576,17648
3071,17648
49529,17648
116745,17696
138832,17696
15512,17697
62211,17697
20352,17743
93456,17743
1588,17772
1588,17773
1588,17774
1588,17775
1573,17782
175574,17782
1593,17832
41283,17832
49521,17832
1593,17834
1593,17835
1593,17836
1593,17837
1593,17838
87516,17838
169813,17838
1593,17839
72190,17839
96721,17839
1593,17840
1593,17841
1726,17857
10196,17857
10307,17857
119283,17859
14161,17867
1573,17874
4538,17881
140823,17881
177494,17918
82,17941
9257,17941
11322,17941
112205,17941
1577,18041
1734,18041
7737,18041
71679,18041
16577,18050
64686,18054
68726,18054
1571,18082
8409,18082
44896,18082
10328,18156
10764,18182
75612,18182
39514,18248
49524,18248
146216,18248
16781,18249
1734,18269
1735,18269
14869,18269
227783,18269
209263,18271
49047,18277
136795,18277
85889,18280
51017,18284
172391,18284
1726,18288
132363,18288
146233,18288
8409,18291
138697,18298
227348,18300
134374,18313
74461,18324
152532,18324
55821,18325
115283,18328
157099,18328
38356,18352
1830,18354
14161,18364
2789,18461
1422,18471
1858,18471
1422,18472
137321,18472
1422,18473
57201,18473
68721,18473
72190,18473
1422,18475
75780,18475
1422,18476
1422,18477
19913,18516
37233,18686
171759,18702
105,18708
41283,18708
14160,18792
9762,18795
110415,18818
10527,18863
10527,18864
15512,18864
14869,18916
1734,18918
41283,18918
51497,18918
72559,18918
82992,18918
134374,18918
168259,18918
1734,18919
1734,18920
20504,18973
68728,18973
190955,18973
115782,18976
82690,18977
109443,18979
534,18997
559,18997
24021,18997
135397,18997
557,18998
558,18998
559,18998
59962,18998
557,18999
558,18999
559,18999
38055,18999
87101,18999
115782,18999
242042,18999
57158,19034
16869,19119
75656,19119
160139,19119
1724,19137
24428,19151
558,19152
559,19152
109443,19152
557,19153
558,19153
559,19153
558,19154
559,19154
559,19159
49529,19159
15512,19274
38055,19278
41154,19278
62211,19278
77950,19278
109451,19278
152601,19278
9339,19292
9506,19292
38365,19292
50546,19292
76492,19292
1830,19299
1830,19300
68718,19300
1830,19301
1571,19303
557,19326
559,19326
207323,19358
77338,19370
109445,19394
1573,19453
164457,19453
557,19468
80274,19492
146233,19492
64807,19498
106646,19498
65291,19505
65291,19506
1858,19536
8373,19536
38356,19536
1858,19537
8373,19537
1858,19538
1858,19540
38356,19540
91314,19540
1858,19541
862,19545
680,19578
129,19587
129,19588
129,19589
129,19590
129,19591
129,19592
129,19594
119283,19654
83542,19655
10196,19729
68728,19754
77950,19767
11,19801
1996,19875
76338,19901
1572,19902
13053,19974
76589,19975
136418,19997
8587,20005
11430,20005
10191,20049
12444,20057
111473,20057
205220,20057
101299,20089
1891,20128
9615,20188
256731,20189
68724,20191
115782,20212
152737,20212
115782,20220
671,20240
7443,20241
82992,20258
16869,20259
1965,20275
1965,20276
1965,20277
11619,20277
111473,20282
9543,20286
57165,20286
109091,20286
10764,20289
217993,20301
129,20334
68718,20354
8274,20373
9762,20381
68734,20387
39514,20402
20526,20403
857,20471
2501,20471
49538,20471
8871,20480
558,20491
68718,20494
75612,20494
1992,20495
1992,20496
1992,20497
1992,20498
1992,20499
1577,20508
1995,20508
7737,20508
1995,20509
1995,20510
1995,20511
1996,20511
1995,20512
1996,20519
14756,20519
1996,20520
1996,20521
1996,20522
1996,20523
140823,20523
557,20580
559,20580
557,20581
557,20582
559,20582
49040,20582
557,20583
557,20584
558,20644
10196,20644
116741,20644
558,20645
559,20645
9839,20696
110415,20738
137093,20747
133805,20750
135397,20750
238,20752
8273,20753
10681,20753
98,20761
172391,20766
192134,20766
1894,20806
1895,20806
55821,20810
9506,20818
50546,20818
242042,20879
78,20904
49524,20904
171759,20904
238,20973
120,20982
122,20982
2502,20982
72331,20982
86834,20982
767,20999
12444,20999
12445,20999
10191,21007
38055,21007
68718,21007
106646,21007
137106,21007
8698,21014
534,21028
13475,21028
54138,21028
77931,21028
24021,21029
50619,21029
36668,21041
255491,21043
2080,21044
49529,21044
1571,21045
157350,21045
1571,21047
1571,21049
1571,21051
51497,21051
13179,21063
25475,21063
44683,21063
75258,21063
86130,21063
175112,21063
105,21065
425,21088
16577,21088
38356,21088
57800,21088
72331,21088
82690,21088
109445,21088
217993,21088
13475,21089
54138,21089
87502,21089
138697,21104
12573,21125
68734,21125
160588,21127
557,21130
82690,21131
10138,21134
1572,21136
10328,21151
109439,21180
24253,21193
2062,21197
2062,21198
62211,21198
2062,21199
2062,21200
15512,21200
20352,21200
137106,21200
227783,21200
26123,21214
62211,21290
155,21315
27578,21315
155,21316
49026,21316
96721,21345
1735,21354
240916,21369
2105,21403
2770,21403
8273,21403
71552,21403
59962,21430
100542,21430
68718,21484
10193,21485
44896,21485
37233,21521
11452,21561
2105,21593
2770,21593
8273,21593
71552,21593
2105,21594
2770,21594
71552,21594
255491,21594
2105,21595
2770,21595
8273,21595
71552,21595
2105,21596
2770,21596
71552,21596
1422,21657
138843,21657
13804,21675
174378,21676
83542,21688
110415,21689
22,21700
1858,21710
152532,21710
14161,21722
115782,21818
9506,21858
119892,21908
181009,21909
8698,21942
1571,21946
15357,21946
20526,22063
57201,22063
13475,22075
109443,22122
9799,22123
13804,22123
51497,22123
82992,22123
72331,22125
74461,22125
117251,22125
68718,22132
15512,22226
109443,22226
49521,22227
11322,22290
1573,22383
49013,22383
68718,22383
1573,22384
51497,22462
27578,22821
57800,22970
74461,22970
127585,22970
37165,23119
162903,23229
16869,23286
4538,23393
14869,23459
68721,23495
70160,23498
193756,23498
2503,23608
96721,23608
2080,23626
132363,23626
38055,23659
109443,23659
116741,23659
137106,23659
15357,23669
10196,23680
76589,23680
172391,23680
230896,23680
9361,23724
9902,23958
562,23967
14869,24045
16164,24045
19913,24045
27205,24045
49026,24045
59967,24045
138697,24045
9615,24200
10191,24264
62177,24264
12445,24273
11,24278
1858,24305
8373,24305
15512,24305
38356,24305
840,24319
11,24342
1891,24342
1892,24342
11,24343
1891,24343
1892,24343
137824,24701
75656,24895
12192,24967
14869,25002
72559,25002
87101,25002
146216,25002
49040,25072
86829,25072
68718,25129
49051,25136
57158,25136
136795,25147
1417,25219
47964,25382
79067,25401
169881,25409
1893,25441
57165,25451
71676,25451
2493,25503
2493,25504
152742,25532
227783,25541
2503,25616
57165,25616
97630,25616
1487,25659
1734,25675
8698,25677
9381,25677
12437,25702
10192,25703
1487,25730
1734,25808
24021,25836
50619,25836
2789,25877
558,25933
9257,25944
11430,26042
2787,26054
44896,26054
76589,26054
13475,26069
68724,26086
3511,26100
77338,26107
146223,26258
188207,26258
3511,26281
157370,26467
11824,26470
10328,26472
2105,26510
2770,26510
8273,26510
8274,26510
8275,26510
8277,26510
16577,26510
26123,26510
71552,26510
329,26660
96721,26669
209247,26723
603,26753
85889,26860
107985,26863
8274,26929
8274,26970
8275,26973
8277,26973
8275,26974
8275,26975
8277,26975
8274,26997
2105,26999
2770,26999
8274,26999
8277,27004
8274,27016
2502,27030
2503,27030
1726,27031
13475,27031
76163,27084
46195,27102
57800,27102
15512,27105
109439,27105
138832,27105
49521,27138
1891,27165
2501,27198
16869,27319
68718,27319
116711,27319
8698,27416
225747,27422
124905,27428
217993,27448
64807,27530
2649,27570
13475,27570
27205,27578
36668,27578
127585,27578
81005,27632
12105,27652
75780,27687
2501,27740
68718,27740
72559,27740
12,27752
100241,27752
1892,27762
1893,27762
1894,27762
1895,27762
9361,27764
68718,27770
54138,27811
12444,27822
12445,27822
70160,27972
101299,27972
116711,27972
91314,27993
124905,28004
2787,28098
2787,28099
2787,28100
2789,28109
18823,28109
2789,28110
110414,28201
1892,28235
9339,28238
171776,28410
71552,28412
116745,28419
107985,28477
96721,28478
3511,28633
75780,28633
77950,28633
115283,28633
117251,28633
10527,28637
109443,28638
175291,28638
8871,28640
76492,28640
209247,28641
72190,28657
11322,28660
44833,28846
4638,28847
70981,28847
87827,28847
107985,28847
122906,28950
13475,29068
37632,29068
260203,29094
205220,29236
76589,29382
1573,29384
2503,29406
86829,29445
9839,29461
1271,29463
10328,29508
199373,29685
36557,29930
242042,29932
152532,29933
16869,30044
3071,30082
70981,30082
136418,30082
3071,30083
122906,30083
3071,30084
2503,30085
3071,30085
3071,30086
3071,30087
3071,30088
1771,30315
49051,30315
57158,30315
1734,30316
169881,30319
96721,30328
59951,30433
11238,30485
19995,30485
123553,30485
329,30488
4133,30488
9473,30695
76589,30697
1771,30710
177494,30882
116711,31006
330,31028
49521,31028
109417,31136
26367,31137
177494,31162
1734,31164
2501,31164
14869,31164
41283,31164
76338,31164
76649,31164
201066,31383
4133,31384
87421,31384
2789,31387
9839,31387
1417,31422
177494,31510
136400,31512
49013,31514
117251,31514
157099,31514
25475,31531
38356,31531
80321,31531
680,31549
10527,31549
87502,31647
117251,31647
16869,31663
8273,31717
49538,31717
151960,31837
9799,31841
51497,31841
242,31896
1893,31923
1894,31923
1893,31925
14161,31960
242,32058
3511,32248
3511,32249
3511,32268
2501,32458
2062,32536
9543,32556
117263,32597
242,32676
207323,32683
11322,32747
19995,32747
227783,32747
256474,32747
65291,32798
16869,32823
38365,32895
76492,32895
50546,32905
13053,32907
50546,32907
12444,32990
11,33032
10195,33045
240916,33051
36658,33053
77338,33161
1894,33181
1895,33181
1894,33182
1895,33182
1895,33184
1891,33185
1895,33185
1894,33186
1894,33187
1894,33188
1894,33189
1893,33190
1894,33190
1894,33191
1894,33192
64682,33192
97630,33192
1893,33196
1893,33197
1893,33198
1894,33198
76285,33235
86834,33235
19995,33305
81005,33310
172593,33310
19995,33311
68724,33348
214140,33352
680,33399
111473,33450
1573,33491
285,33500
86829,33532
41154,33533
157370,33533
119283,33712
77931,34195
75258,34202
71676,34257
76285,34257
1572,34395
10764,34408
21385,34478
24428,34486
169813,34488
76203,34490
24021,34502
50619,34502
188207,34502
230222,34502
109091,34515
9473,34517
9473,34518
21385,34521
109445,34521
242076,34541
1726,34544
107985,34551
49051,34715
57158,34715
4133,34839
65291,34842
4133,34845
4133,34847
138832,34847
106646,34901
7443,34902
13179,34902
25475,34902
75258,34902
86130,34902
65291,34934
76589,34934
65291,34945
76589,34945
76589,34947
13179,34982
21385,34982
25475,34982
44683,34982
86130,34982
172391,34982
175112,34982
21385,34983
75780,35013
132363,35013
10764,35029
54441,35103
76589,35111
14160,35159
72710,35198
812,35219
9839,35257
129670,35515
550,35521
755,35545
1571,35546
11452,35596
218,35710
64682,35780
8681,35893
68718,36041
11322,36091
255268,36218
109443,36422
9257,36424
12105,36434
16869,36463
12573,36546
72710,36592
146381,36592
49026,36594
44833,36602
11322,36662
64682,36662
86829,36662
8698,36664
115283,36801
116745,36801
7443,36900
132344,36967
36668,37046
71552,37046
156717,37093
50444,37131
51497,37149
49538,37153
82700,37153
157350,37153
109424,37154
18823,37168
53182,37168
8681,37204
75656,37204
109424,37204
862,37221
68721,37252
242,37254
97020,37260
136418,37293
1892,37442
1930,37625
8054,37625
49521,37698
12105,37753
11619,37759
110415,37760
1830,37769
156717,37769
13,37825
16781,37825
24021,37917
50619,37917
116711,37935
20526,37980
136418,37982
50444,37990
210047,38086
2105,38334
2770,38334
71552,38334
71676,38559
58244,38565
53182,38664
64682,38665
330,38670
9762,38673
11322,38673
14869,38673
72559,38673
117251,38673
137106,38673
86130,38707
4538,38809
121640,38863
41602,38940
242042,38940
58244,38941
83542,38941
152742,38941
9257,38951
242,39007
209406,39125
4638,39185
4638,39187
4638,39188
107846,39388
68734,39389
91314,39389
1724,39390
76203,39390
49538,39391
1771,39459
100402,39459
59967,39520
76203,39520
603,39545
124905,39658
160588,39658
68726,39659
59951,39660
76101,39660
1248,39681
840,39774
10328,39924
101286,39925
110415,39959
26367,40036
39514,40173
1726,40275
10138,40275
550,40277
1577,40386
129,40450
16577,40462
109445,40462
177494,40462
76338,40477
107985,40478
9506,40481
76640,40481
77950,40481
256474,40481
87827,40541
82,40543
13804,40543
82693,40543
82992,40543
203833,40565
12444,40638
12445,40638
36557,40660
101299,41020
76101,41042
225747,41042
46195,41087
172385,41087
20352,41088
1724,41089
177494,41089
8355,41091
10191,41091
20352,41091
93456,41091
109443,41091
116745,41091
152601,41091
146233,41247
255268,41295
550,41352
15512,41419
13475,41421
201066,41508
1771,41561
106646,41561
1588,41662
77931,41686
109451,41686
10307,41687
134374,41737
49051,41782
57158,41782
46195,41798
77931,41798
207323,41906
16869,41965
19995,42286
19995,42288
8698,42307
19995,42317
72710,42317
203833,42432
11,42570
87502,42694
5689,42740
191566,42740
550,42824
134374,42905
330,43010
96721,43019
8698,43034
13179,43125
21385,43125
25475,43125
86130,43125
1576,43135
121734,43135
49521,43202
76589,43231
209406,43243
20526,43263
59962,43286
64635,43292
76640,43464
24428,43553
225747,43554
10192,43775
46195,43775
82690,43775
115283,43775
16710,43853
68724,43903
152,44054
9381,44079
160139,44079
14161,44150
65291,44240
79067,44565
71676,44649
46195,44735
75656,44735
172385,44735
8681,44736
11824,44818
8273,44830
64682,44838
5689,44841
5689,44843
242,44860
57201,45051
68718,45210
64682,45211
172593,45215
202214,45329
1572,45337
97630,45407
171776,45415
15512,45416
50444,45466
137093,45566
24021,45827
50619,45827
82690,46074
76163,46128
500,46346
680,46346
242,46418
76589,46423
193756,46593
65291,46774
13475,46801
330,46919
177494,47058
11,47401
1103,47456
12444,47468
20504,47468
70160,47533
172391,47646
11,47698
107985,47712
57201,47720
140823,47720
112205,47774
1576,47779
134374,47780
9381,47825
68718,47859
137824,47864
65291,47872
242,47879
169298,47879
121734,47933
1271,47934
59967,48312
11824,48810
13995,48810
16869,49056
83542,49056
240916,49201
87502,49271
68721,49275
8681,49278
13995,49357
16869,49487
26367,49706
203833,49766
8409,49818
255268,49818
86331,49863
13179,49915
25475,49915
44683,49915
75258,49915
160588,49918
10527,49920
8681,49947
2501,49965
97020,49971
97630,49971
205220,50117
49521,50217
75656,50217
16186,50266
217993,50266
13475,50347
14869,50347
214140,50347
175574,50880
10138,51072
177494,51298
76285,51300
13475,51301
74461,51301
24428,51303
82693,51329
109439,51329
168672,51329
12192,51381
62211,51383
68721,51464
205220,51544
76163,51576
562,51581
16869,51636
203833,51651
188207,51670
13475,51754
68734,51792
857,51797
62211,51797
65291,51797
76285,51797
76589,51797
87421,51798
100542,51799
38365,51857
109091,51902
65291,51930
9902,51936
1577,51944
7737,51944
41283,51944
109439,51944
172391,51957
72559,51976
76649,51989
10191,51990
13475,51994
13475,51997
13804,51998
146239,52018
157099,52020
36657,52374
36658,52374
12192,52394
57158,52398
13179,52404
25475,52404
44683,52404
75258,52404
86130,52404
175112,52404
24021,52414
36668,52414
2501,52419
857,52476
2105,52480
2770,52480
8273,52480
71552,52480
68724,52583
62211,52601
191566,52605
37632,52628
96721,52639
14160,52699
39514,52702
100402,52760
47964,52762
13179,52775
25475,52775
44683,52775
172385,52775
172631,52775
38365,52792
77950,52792
227783,52792
44896,52848
64682,52848
75656,52848
160588,52849
168672,52849
56292,52851
136400,52851
10195,52852
76338,52852
116711,52860
10138,52865
68718,52885
10764,52888
9543,52890
38055,52997
134374,52997
175555,53116
76492,53122
27578,53256
76163,53256
109451,53256
132363,53258
168530,53258
75780,53259
38365,53281
8587,53283
7443,53328
13804,53336
76285,53336
177494,53492
11452,53493
11,53587
209263,53589
72331,53650
100402,53650
134374,53650
146238,53650
8054,53688
58574,53714
122906,53714
24021,53755
50619,53755
78,53760
217993,53761
755,53763
57201,53807
157370,53820
255491,53862
11452,53863
81005,53916
177494,53930
10328,54122
210047,54124
169298,54203
214140,54247
57800,54415
109445,54415
115782,54415
116741,54415
16781,54424
8275,54476
50546,54479
19995,54492
105,54564
2770,54586
8273,54586
8274,54593
8274,54594
8274,54595
8275,54598
8277,54598
10191,54691
1930,54693
49519,54693
75656,54697
137106,54697
50546,54717
136795,54720
230222,54728
49519,54729
115283,54729
157370,54738
160139,54738
168672,54738
175555,54800
8681,54807
58574,54807
1726,54809
9543,54810
680,54855
8409,54864
8409,54865
74461,54881
87827,55062
76101,55084
256474,55086
127585,55089
1588,55115
44833,55205
12573,55257
16186,55314
9839,55378
10191,55398
83542,55411
9543,55412
1771,55470
72331,55470
240916,55470
109439,55536
136795,55536
1571,55538
1577,55572
109091,55585
1577,55588
74461,55596
87101,55596
240916,55614
2770,55619
16577,55636
70160,55636
101299,55636
152742,55636
42189,55638
64807,55638
74510,55638
168530,55638
181330,55638
557,55648
8681,55775
9339,55775
8681,55776
79067,55882
126250,55887
1735,55900
1865,55901
85,55909
20352,55936
41154,55936
46195,55936
172385,55936
106646,56024
10328,56039
8587,56043
169881,56098
96721,56100
550,56112
1573,56183
157350,56195
1577,56262
15512,56322
38055,56322
115283,56322
175574,56322
38055,56323
109443,56323
19913,56358
68726,56365
13475,56448
534,56455
41283,56455
97020,56457
10195,56614
20504,56614
72559,56614
76338,56614
157350,56614
24021,56676
82675,56680
115283,56731
13053,56734
19913,56734
133805,56734
8698,56778
76589,56853
24021,56857
50619,56857
16781,56871
13053,56890
20504,56890
46195,56903
13053,56910
151960,57119
7737,57172
7737,57192
35791,57192
71679,57192
230222,57192
168259,57207
156717,57250
7737,57251
22,57252
210047,57387
257093,57399
80274,57412
93456,57412
9361,57448
9361,57449
1726,57451
10138,57451
1726,57452
13475,57452
68724,57452
107846,57452
10138,57563
85889,57574
50619,57578
155,57597
950,57599
2105,57599
2770,57599
8273,57599
8355,57599
57800,57599
71552,57599
49529,57675
241,57755
9506,57755
14161,57755
70160,57755
75656,57755
101299,57755
164457,57755
175574,57755
603,57799
191566,57829
1577,57852
160588,57906
199373,58006
55821,58016
175291,58019
8587,58074
36668,58115
117251,58168
204082,58168
136795,58184
9615,58197
51017,58197
116711,58224
138832,58224
109439,58225
68734,58356
201066,58356
115782,58370
191566,58370
20526,58371
26123,58395
59962,58399
11,58475
109424,58475
9506,58478
50546,58478
78,58495
1771,58502
96721,58502
109091,58502
16869,58507
76589,58511
82693,58535
8871,58549
680,58552
16577,58563
49047,58587
64686,58593
68734,58621
87516,58643
123553,58655
155,58692
20352,58737
82690,58737
91586,58739
16869,58744
68718,58744
15512,58769
57158,58769
13053,58772
98,58787
70981,58787
109091,58787
255268,58791
11238,58828
175574,58873
11619,58893
9762,58959
9762,58960
9762,58961
9762,58962
9762,58963
9762,58964
9762,58965
9762,58966
9762,58967
9762,58968
9762,58969
13475,59055
22,59056
857,59085
91586,59117
1865,59129
10191,59174
13179,59174
59962,59179
9902,59192
1577,59198
559,59206
22,59215
217993,59222
19995,59231
68734,59233
76203,59233
74461,59237
124905,59251
24021,59252
50619,59252
78383,59256
10307,59260
210047,59262
13475,59263
7737,59264
550,59285
755,59287
205724,59297
49521,59312
240916,59313
20526,59315
96721,59315
152601,59315
157099,59315
10193,59357
14160,59357
9381,59373
9381,59374
129670,59410
18823,59592
9543,59620
10764,59620
18823,59620
146238,59620
76589,59784
151960,59784
175574,59784
9839,59794
9839,59795
9839,59796
9839,59797
9839,59798
9839,59799
9839,59800
9839,59801
9839,59802
14160,59803
10195,59817
76338,59817
76640,59817
68718,59844
41154,59860
54138,59860
210047,59860
78383,59882
20352,59919
93456,59919
100542,59926
425,60019
20526,60033
132363,60033
175291,60072
138697,60073
169813,60073
10681,60074
49013,60074
76285,60077
72559,60093
172631,60158
72331,60205
11,60207
46195,60255
172385,60255
172391,60255
10527,60279
230896,60279
767,60348
12444,60348
12445,60348
146243,60458
38356,60602
51497,60653
171776,60653
19995,60656
24021,60715
52520,60721
86829,60796
188207,60805
175291,60846
68718,60874
44833,60875
242042,60875
1771,60898
100402,60898
2080,60900
44833,60900
49529,60900
193756,60900
208134,60930
22,60941
38365,60949
38365,60950
76492,60950
11430,60956
175291,61117
109439,61182
10196,61186
91314,61186
9799,61216
1593,61303
132363,61363
13053,61423
11324,61510
68734,61510
9799,61658
68734,61659
11238,61674
1571,61697
9615,61697
13804,61697
51497,61697
82992,61697
562,61704
171759,61831
82675,61962
10193,61964
862,61968
862,61969
8587,61969
10307,62010
68718,62036
1726,62037
13475,62064
54138,62064
59962,62064
46195,62067
175574,62067
72331,62072
59967,62076
192134,62105
68734,62146
9381,62439
15357,62439
112205,62439
82700,62562
115782,62562
7737,62564
68734,62567
107846,62644
199373,62644
117263,62645
1577,62674
177494,62735
175555,62747
57201,62752
9615,62766
109451,62831
129670,62831
137106,62831
174378,62831
1726,62843
76492,62861
109451,62861
20352,62862
82700,62879
10764,62892
79067,62892
10764,62961
85889,63141
78383,63231
100241,63312
13179,63333
205220,63359
16710,63522
138843,63663
39514,63858
10193,63978
152737,64136
15512,64151
83542,64160
18,64210
101299,64295
71672,64305
10192,64342
47964,64413
127585,64439
10527,64445
15512,64446
13475,64451
36658,64470
1577,64514
13475,64805
10328,64929
68718,65121
250802,65141
87502,65196
24021,65225
7443,65301
1577,65345
52520,65345
71679,65345
87101,65345
110122,65395
82,65421
82,65422
82,65423
12444,65445
597,65524
15512,65630
110122,65640
10192,65717
177494,65726
152601,65727
534,65731
18823,65731
19995,65731
57165,65731
1858,65827
2787,65827
2789,65827
83542,65827
680,65907
500,65908
77931,65920
119892,65938
50546,66070
54441,66166
1487,66268
1487,66269
840,66288
27205,66441
76338,66441
146381,66442
4538,66443
4638,66446
227348,66517
132363,66586
840,66645
1735,66717
82684,66741
137321,66743
13179,66896
25475,66896
44683,66896
75258,66896
86130,66896
49051,67123
57158,67123
22,67147
76163,67246
199373,67599
78383,67602
255268,67778
82693,67837
146243,67837
16781,67913
20526,67931
68724,67978
76589,68122
44833,68180
68718,68180
240,68186
112205,68186
1576,68224
71679,68224
550,68277
1724,68277
1271,68278
1724,68278
19995,68278
510,68301
27578,68559
14160,68812
13475,68842
54138,68842
64635,68842
71552,68842
9506,69122
109439,69122
11,69249
26123,69395
8587,69415
11430,69415
12444,69476
12445,69476
68718,69494
10764,69865
76338,69899
240,69948
109445,70238
76640,70303
191566,70303
227783,70445
72710,70456
76649,70456
11824,70612
136418,70685
425,70851
11824,70868
49026,71010
83542,71057
116711,71070
70981,71083
85889,71083
24428,71189
100402,71189
137106,71189
146239,71189
12105,71261
160139,71283
160588,71375
116741,71403
1571,71467
57201,71467
137093,71530
49051,71580
54138,71580
57158,71580
76203,71580
152737,71580
162903,71580
58574,71584
680,71836
64635,71913
72710,71913
87421,71913
1735,72040
49051,72095
57158,72095
1576,72100
56292,72118
49538,72129
70160,72129
82693,72129
101299,72129
127585,72129
168672,72129
9381,72270
49538,72440
82,72466
8054,72466
9257,72466
64635,72466
116711,72466
137321,72466
140823,72466
152,72658
119892,72730
68718,72739
10681,72754
126250,72789
111473,72855
12573,72873
41154,72873
160588,72873
8373,72985
862,73016
59951,73040
125509,73040
82690,73128
51497,73269
82992,73269
81005,73357
190955,73381
98,73421
152601,73421
209406,73454
97630,73457
135397,73457
137106,73457
146239,73457
152601,73457
242076,73534
12192,73589
71676,73589
12192,73590
117251,73609
10138,73641
1588,73700
49521,73968
1571,74124
1576,74225
14161,74227
49538,74227
13804,74242
82693,74242
82992,74242
106646,74242
168672,74242
49040,74245
1577,74279
1771,74289
255491,74423
7737,74500
13475,74504
76170,74540
49040,74541
10195,74568
13475,74568
24428,74568
76338,74568
96721,74568
109445,74573
22,74578
164457,74595
71552,74618
78383,74618
192136,74627
22,74666
16781,74688
27578,74748
76163,74748
100402,74750
68718,74931
558,74949
25475,75038
82690,75038
151960,75038
857,75071
97630,75131
100241,75174
68734,75344
68718,75491
52520,75532
109424,75604
146238,75604
190955,75604
16781,75641
603,75715
240916,75822
64807,76021
1577,76105
13995,76234
13995,76235
13995,76236
13995,76237
13995,76238
13995,76239
82690,76245
82684,76314
36557,76339
11322,76512
64682,76512
87101,76512
97630,76512
117251,76512
156717,76513
534,76542
534,76543
20504,76543
534,76544
13053,76594
68734,76625
10196,76788
1930,76793
4538,76793
87827,76793
135397,76793
205724,76802
255718,76828
10764,76857
7737,76918
174378,76944
136795,76961
192134,76961
227783,76982
255491,76996
70160,77069
101299,77069
132363,77069
177494,77089
193756,77109
27578,77120
87827,77155
240916,77164
49521,77223
151960,77234
175555,77262
210047,77264
72710,77334
49026,77335
1573,77487
64682,77496
70160,77517
2502,77667
248268,77809
10138,77824
105,77874
10195,77880
76492,77948
80274,77996
171759,78040
72190,78050
59951,78064
21385,78076
177494,78080
2080,78110
2503,78110
76163,78110
97630,78110
188207,78110
15357,78147
72559,78147
10195,78150
18823,78225
1726,78299
15512,78303
13179,78310
559,78311
13179,78311
13179,78312
13179,78315
13179,78317
14160,78317
25475,78317
168530,78320
38365,78324
109439,78324
116745,78404
77338,78423
127585,78423
135397,78423
72559,78433
177494,78433
1726,78434
82992,78452
256474,78452
8587,78729
11430,78729
16577,78729
16710,78738
51017,78738
16710,78739
51017,78739
38356,78798
91586,78804
27578,78815
14756,78878
59967,78879
13475,78899
140823,78962
35791,78994
862,79020
34673,79061
2080,79072
71679,79072
86834,79072
123553,79072
137321,79072
10195,79079
24428,79079
68734,79079
51497,79086
24253,79196
72710,79211
24253,79270
2080,79351
11,79489
65291,79497
217993,79497
12444,79502
13475,79585
209406,80019
49051,80112
57158,80112
51497,80242
257093,80290
146381,80536
20352,80595
205724,80595
13475,80602
16186,80602
16710,80602
16781,80602
26367,80602
51017,80602
175555,80602
16781,80611
51017,80611
101299,80616
91586,80619
16577,80641
14160,80676
16781,80758
35791,80758
71679,80758
78383,80758
16781,80759
16781,80760
16781,80761
16781,80767
16781,80768
16781,80769
16781,80770
16781,80771
16781,80772
16781,80773
16781,80774
16781,80775
16781,80776
16781,80777
16781,80778
16781,80779
16781,80780
16781,80781
16781,80782
16781,80783
16781,80784
16781,80785
16781,80786
16781,80787
16781,80831
9615,80978
47964,80998
11,81024
35791,81097
36657,81097
71679,81097
16869,81125
812,81178
38356,81178
101286,81181
49538,81260
8698,81295
10138,81364
65291,81379
217993,81379
152532,81681
97630,81685
100402,81685
204082,81685
16164,81801
49051,81877
10138,81957
24428,81959
11322,82042
2080,82092
10527,82092
46195,82092
2080,82093
76640,82093
2080,82094
16164,82134
16164,82135
16164,82136
16164,82137
16164,82138
16164,82139
16164,82140
16164,82141
22,82143
146238,82167
192136,82190
68724,82191
87516,82191
181009,82401
8698,82410
75780,82631
22,82636
58,82636
76338,82639
115283,82791
87421,82819
255491,82988
80321,83002
97630,83002
19995,83105
50108,83171
10138,83274
175291,83338
12444,83356
12445,83356
123553,83356
11322,83402
109439,83585
20352,83586
38356,83586
77950,83586
93456,83586
109439,83586
134374,83586
58574,83813
14756,83820
14161,83852
155,83854
146233,83854
225747,83855
1572,83860
24253,83899
32261,83908
16577,84080
8587,84115
862,84213
21385,84213
24021,84214
50619,84214
10196,84215
24021,84215
50619,84215
24021,84219
50619,84219
36668,84222
127585,84222
24021,84223
50619,84223
24021,84224
24021,84225
44896,84225
100402,84247
11430,84249
77931,84292
59951,84295
177494,84300
59962,84338
80274,84409
14160,84490
230896,84490
14160,84491
14160,84492
862,84493
14160,84493
105,84494
14160,84494
14160,84495
38356,84495
82690,84495
14160,84496
191566,84613
59967,84760
58574,84865
177494,84895
7443,84927
26367,84933
172631,84952
53182,85065
138697,85142
58244,85168
204082,85178
16869,85236
52520,85505
13475,85743
840,85869
840,85870
14160,86006
152737,86034
51497,86204
20504,86236
20504,86237
76649,86237
209247,86237
227783,86237
20504,86238
20526,86268
20526,86269
156717,86320
151960,86498
227783,86498
57800,86626
116711,86626
14161,86633
16710,86800
1588,86969
26123,87003
8355,87055
109451,87056
41154,87070
49040,87070
109424,87070
76338,87115
26123,87165
49524,87192
82693,87287
24021,87310
50619,87310
68718,87312
248268,87438
24253,87722
58574,87722
70981,87722
1577,87779
155,87957
38356,87957
68734,87957
137106,88029
22,88032
86130,88123
44833,88124
207323,88543
13053,88702
10196,88816
115782,88928
331,88949
177494,88971
72559,88995
557,89023
13053,89023
13053,89024
767,89387
181009,89409
97630,89626
19995,89714
10527,89819
2503,89830
49529,89830
134374,89857
1588,89975
191566,90033
680,90337
71679,90455
209247,90498
227348,90596
13475,90609
13804,90633
51497,90633
82992,90633
13804,90634
51497,90634
1726,90721
840,91369
41154,91387
1572,91421
19995,91443
10195,91606
24428,91606
76338,91606
175112,91606
107985,91662
209406,91977
72710,92058
117263,92058
2080,92175
10138,92189
76649,92234
58244,92263
97020,92404
56292,92428
168672,92614
11824,92623
24253,92644
24253,92645
85889,92730
13475,92774
10328,92821
49524,92877
209406,93031
12445,93210
122906,93210
14869,93211
597,93215
137093,93224
138832,93491
10328,93695
25475,93842
75258,93842
86130,93842
175112,93842
25475,93843
25475,93844
25475,93845
862,94038
76170,94064
10527,94075
157350,94185
171776,94304
75656,94427
155084,94427
105,94500
110122,94622
12444,94742
26123,94769
1571,94791
82700,94798
86130,94820
857,94864
68726,94864
109424,94864
26123,94906
36557,94955
82690,95002
49051,95047
57158,95047
62211,95101
68726,95101
137106,95101
8277,95137
39514,95635
133805,95635
19995,95697
27205,95697
1726,95698
136418,95716
10138,95777
208134,95789
68718,95979
70160,96066
76163,96066
101299,96066
12444,96307
8587,96310
51497,96321
21956,96339
21956,96340
138832,96349
117251,96591
1271,96594
19913,96624
19913,96625
50546,96625
132363,96625
26963,96669
26963,96670
26963,96671
26963,96672
26963,96673
26963,96674
26963,96675
1577,96787
671,96841
767,96841
12444,96841
12445,96841
767,96851
12444,96851
12445,96851
86331,96928
111473,97417
9257,97446
10138,97447
13475,97447
13475,97466
105,97708
105,97718
19995,98215
107846,98215
199373,98215
19995,98216
172631,98272
109417,98397
51017,98772
840,98877
44833,98953
137093,98953
193756,98953
10138,98999
209406,99182
27578,99414
181009,99689
238,99724
105,99725
857,99905
68728,99932
840,100144
37724,100242
755,100260
105,100600
11824,100614
20676,100839
1417,100905
14161,101014
155,101015
14161,101015
14161,101016
14161,101017
71679,101017
121734,101034
10138,101037
50546,101085
58244,101219
24428,101522
38365,101565
101286,101958
38055,102336
10328,102392
240,102429
218,102441
49026,102516
124905,102742
87421,102852
146216,102853
242,103060
19995,103259
152532,103290
242042,103290
18823,103351
8373,103554
11,104149
209247,104151
2649,104504
152742,104632
1726,104669
14869,105047
12573,105303
12573,105304
12573,105305
12573,105306
14756,105422
1271,105496
87421,105496
58574,105510
49051,105584
331,105646
72710,105727
76285,105727
119283,105838
54441,105868
22,106514
1417,106707
238,106811
680,107023
78,107074
12437,107546
12,107571
16869,107770
116741,107770
140823,107770
16869,107771
16869,107772
177494,107793
19995,107969
193756,108037
193756,108532
68734,108699
10138,108725
1577,108892
152601,108916
82693,108920
65291,109014
177494,109045
77951,109046
116741,109046
171759,109046
550,109100
230222,109151
20526,109205
71679,109432
91314,109432
181009,109434
24021,109438
76285,109513
10527,109561
169813,109626
1726,109669
136795,109708
76170,109750
10192,109869
93456,109869
109451,109869
205724,109869
110122,109870
175112,110014
107985,110076
202214,110116
11,110319
603,110411
168530,110742
175555,110742
85446,110743
109091,110872
172391,110885
77931,111455
19913,111513
76285,111513
155084,111518
152742,111662
59967,111693
1577,111809
10527,111875
26123,111920
230222,111922
76589,112043
181009,112062
250802,112080
136795,112261
10307,112300
146233,112476
123553,112561
16710,112566
68726,112692
76285,112692
123553,112692
34673,112853
34673,112854
138697,112879
209263,113224
49040,113308
562,113506
559,113608
10138,113676
210047,113734
82684,113818
330,113935
117251,114000
152532,114000
18823,114018
18823,114019
57158,114019
82992,114019
68718,114293
35791,114760
18823,115150
52520,115177
79067,115421
1271,115596
129670,115767
840,115768
27578,115840
36657,115854
36657,115855
36657,115856
36658,115857
36658,115858
36669,115876
115283,115974
1417,116071
22,116234
9615,116277
9615,116278
76170,116278
8274,116300
13053,116315
86130,116315
76285,116416
171759,116446
169813,116536
559,116627
240,116739
37165,116898
37165,116899
37165,116900
37165,116901
71672,116931
14160,117081
205220,117165
38356,117187
101299,117437
107985,117550
133805,117669
152601,117669
14756,117760
41602,118035
2789,118459
52520,118459
10192,118489
10192,118490
10527,118490
49524,118590
68726,118590
123553,118616
37724,118617
117251,118643
10138,118755
227783,118814
49040,118937
129,119243
72190,119297
238,119431
1577,119478
62211,119592
72331,119783
16710,119870
11824,119892
11824,119893
11824,119894
11824,119895
11824,119896
171776,120248
117263,120251
76203,120253
59951,120664
82700,120724
1734,120886
109091,120886
230222,120894
9615,120923
16869,121529
56292,121529
87827,121702
76203,121718
24021,121868
50619,121868
127585,121868
13475,121905
49524,121953
68721,121953
242,122022
2503,122293
2503,122296
1573,122363
16869,122416
37724,122556
550,122805
171759,122844
157370,122889
193756,123102
86829,123515
126250,123637
59962,123725
68728,123725
82684,123725
87421,123879
64682,123884
41283,124304
51497,124304
2503,124686
20352,124747
20352,124748
20352,124750
93456,124750
557,125024
49026,125025
68728,125025
117251,125025
138843,125025
172631,125025
10195,125050
557,125055
20352,125167
82690,125167
2080,125565
47964,125684
1271,125686
81005,126042
39514,126257
174378,126406
27578,126502
76163,126502
14160,126638
44833,126667
49051,126667
57158,126667
57165,126667
49040,126713
13475,126841
177494,126841
168672,126932
10764,127000
136795,127048
146243,127281
101286,127313
49051,127453
100542,127453
75612,127558
50546,127907
155,128386
272,128386
13475,128628
242076,129023
87516,129101
117251,129101
105,129319
10328,129466
13475,129600
13475,129661
68718,129868
72710,129868
152532,129868
10191,130081
76589,130081
230896,130081
20526,130108
70981,130253
210047,130253
119892,130570
14756,130598
119892,130598
80274,130640
76285,130769
87516,130769
116741,130782
54441,130869
47964,130903
85889,130977
181009,130984
181009,130985
191566,131006
75780,131422
44833,131519
44833,131520
50546,131520
11,131625
1894,131634
74461,131642
27578,131772
204082,131772
27578,131773
27578,131774
10307,131879
181009,131931
137093,131934
11,132538
1891,132538
1891,132539
1726,133121
74461,133212
209406,133212
76101,133401
175291,133401
19913,133591
242,133853
9361,134061
106646,134235
21385,134380
862,134713
50108,134726
146243,135532
204082,135633
201066,135852
12444,135911
225747,136136
64686,136191
10764,136290
72331,136348
10328,136482
5689,136853
5689,136854
5689,136855
5689,136856
5689,136857
16710,137178
199373,137424
107985,137471
238,138211
13475,138324
10191,138619
10191,138620
105,139044
10764,139549
37724,139549
13475,139553
20676,139941
20676,139942
20676,139943
68718,139993
755,139997
1573,140250
767,140367
12444,140367
12445,140367
767,140368
12444,140368
12445,140368
110414,140493
249397,140493
10328,140584
857,141358
227348,141374
1571,141432
2493,141450
112205,141687
562,141747
1572,141747
1572,141748
1572,141749
72559,141762
204082,141762
242042,141762
38055,141771
38055,141772
38055,141773
175574,141775
110414,141879
8373,141956
199373,142192
68726,142193
82700,142193
1726,142213
38365,142377
77951,142389
56292,142636
109417,142636
12444,142747
12445,142747
41283,143204
41283,143205
19995,143206
41283,143206
41283,143208
109417,143242
35791,143377
8681,143389
12444,143892
100241,144081
117263,144279
2080,144286
20526,145110
51017,145145
51017,145146
1771,145161
109439,145219
100241,145245
100241,145246
100241,145248
329,145531
550,145531
22,145555
13475,146004
1858,146391
134374,146391
44896,146439
86130,146511
75258,146748
86130,146748
175112,146748
1576,146784
75656,147056
107846,147056
51497,147207
169298,147382
9506,147445
133805,147478
72331,147721
19995,147898
202214,147899
244688,148114
255268,148114
136418,148139
2080,148428
68718,148693
119892,148959
10764,149307
209263,149334
13475,149466
177494,149471
1573,149496
171776,149589
138697,149699
50108,149901
13475,150194
24428,150194
64682,150536
1726,150669
68734,150672
41154,151246
59962,151254
8871,151263
272,151943
209406,151975
49051,152566
57158,152566
840,152729
840,152911
2501,153208
14161,153516
109439,153621
2501,153938
19995,154153
171776,154557
557,154644
13475,154702
13475,154748
91586,154839
124905,154917
2649,154954
68734,155030
75780,155042
214140,155210
1573,155423
4638,155532
62211,155649
11452,155801
205724,155946
22,155955
8871,155983
51497,156131
13475,156283
242,156431
10307,156517
64635,156590
76649,156590
68718,156653
11322,156701
49040,156729
68734,156729
64807,156874
201066,156990
199373,157015
112205,157059
75780,157081
68734,157119
65291,157536
76589,157536
255491,157549
862,157626
14160,157626
680,157865
1573,157976
177494,158095
862,158124
1724,158459
105,158713
11,159108
12573,159454
65291,159572
1577,159628
68734,159720
105,160343
840,160483
172593,160516
11,160947
11,161301
242,161860
129670,162342
9615,162367
11,162432
1573,162778
75780,162849
840,163330
146239,163545
1726,163671
177494,164003
2503,164021
117263,164102
2503,164382
218266,164603
171776,164614
101299,165242
51497,165284
75780,165293
177494,165422
188207,165441
101286,165636
82690,165787
38365,166029
50546,166029
840,166149
12445,166242
11,166258
329,166298
862,166406
1577,166441
2502,166654
117251,166688
57800,166772
75780,167110
14160,167295
242,167363
8871,167661
68734,167862
1588,168014
2770,168014
24428,168246
8871,168415
152,168423
52520,168540
1577,168611
1577,168624
242,168632
105,168702
193756,168834
168530,168875
2770,168897
1571,168925
10138,168925
132363,168942
13475,168962
68721,169265
199373,169337
1726,169642
19995,169676
1726,169681
9543,169691
116741,170302
172631,170333
136795,170635
51497,170653
209263,170820
13475,170883
110415,171538
112205,171584
1573,171747
76203,172096
105,172280
177494,172388
49521,172809
2789,172880
87421,172915
56292,173079
255491,173277
19995,173391
12437,173441
121,173451
49051,173451
57158,173451
8587,173776
191566,173784
1726,173810
101286,174356
767,174398
12445,174398
1577,174584
175574,174727
13475,174797
1573,174894
105,175060
1577,175201
2503,175400
255491,175583
72190,175826
74461,176048
329,176312
2649,176340
72710,176491
10307,177131
177494,177162
9257,177214
11430,177756
1124,177765
152,178145
2649,178446
13475,178452
146223,178625
12444,178630
205220,178630
1734,178631
862,178710
101286,179165
157099,179300
255268,179881
177494,180208
22,180394
76203,180422
105,180468
12445,180730
85446,180789
1577,180922
1577,180940
1577,181010
1577,181018
603,181214
1271,181248
13475,181879
1726,181895
49538,182079
174378,182084
22,182212
13475,182213
97630,182287
107985,182327
12444,182439
12445,182439
1726,183037
59967,183099
1726,183439
18,183500
68718,183519
86834,183538
7737,183812
217993,183812
105,184030
1577,184392
44833,184581
11,184980
1577,185183
32261,185224
109091,185429
116745,185705
209247,185805
1724,185853
11,186229
1577,186491
133805,186500
862,186614
11,187398
100241,187494
13475,187563
68718,187946
227348,188347
49013,188559
151960,188559
1577,188609
1577,188632
24428,188758
13475,188796
1573,189162
175555,189491
117251,190098
10328,190194
11,190453
77951,190611
227783,190895
65291,193140
10764,193339
1573,193707
21385,193945
10138,193946
164457,193946
1573,194645
10328,194670
1726,195442
1576,195535
71679,195535
242,196286
138843,196899
70160,197350
172593,197780
10527,197819
2503,199298
11,199356
1577,199822
146238,200446
76640,200465
8587,200845
1577,200920
10328,201224
11,201344
8698,201428
1577,201683
10138,201883
9615,201914
10138,201951
12444,202032
12445,202032
11,202276
11,202402
81005,202760
13475,203012
77951,203048
8277,203097
59951,203160
13475,203279
1726,203468
11452,203511
75780,203630
13475,204068
177494,204078
2503,204167
80274,204191
106646,204392
68724,204420
171776,204530
1577,204547
1726,204606
13,204997
68724,205053
10527,205171
74461,205179
10764,205222
137321,205257
49529,205278
75258,205307
175112,205307
1726,205362
260203,205405
44833,205406
12437,205427
172631,205463
2080,205474
64682,205474
59962,205560
1726,205720
188207,206024
107985,206155
37724,206273
38356,206334
11619,206393
1726,206423
91586,206505
1248,206721
107985,206726
107985,206847
59962,206861
68724,206928
15357,206991
8698,207031
97630,207304
41602,207321
70160,207401
76285,207401
82684,207401
78383,207491
49051,207558
57158,207558
123553,207558
68734,207736
1271,207881
10138,208056
52520,208069
1734,208211
53182,208296
97630,208296
138697,208307
175555,208316
12445,208467
91586,208524
840,208579
106646,208659
75780,208762
87502,208956
49524,209197
12444,209884
12445,209884
177494,210160
116741,210172
97630,210271
10138,210292
132363,210695
1726,210842
107985,211413
152601,211488
49026,211521
1858,211800
169298,211900
59962,211907
52520,211958
75780,211964
109091,212093
71672,212141
138697,212429
15512,212439
171776,212439
603,212562
68718,212767
47964,212778
49521,213049
160139,213291
534,213753
12445,214019
188207,214019
168530,214108
218266,214581
862,214701
14160,214701
1726,214951
14869,215317
11619,215823
19995,215913
11,216087
217316,216290
217316,216294
217316,216299
10138,216601
51497,216782
85446,217055
101286,217774
205220,218269
857,218321
49529,218345
603,218366
49051,218563
13475,218569
76203,218667
1271,218899
107985,219367
75780,219679
77338,219708
110415,220232
58574,220448
68734,220573
133805,220922
162903,221018
72331,221087
207323,221108
126250,221110
52520,221116
57800,221581
134374,221581
57800,221606
109445,221611
68734,221809
209406,221840
192134,221980
162903,221985
77950,222121
157099,222121
85446,222141
205724,222141
71679,222910
10138,223048
71679,223126
126250,223684
203833,224167
47964,224181
75780,224181
87101,224181
100241,224181
157350,224181
49026,224365
1577,224723
68728,224723
123553,224723
953,224870
14756,224927
13475,225488
136418,225611
109439,225694
146238,225694
129,225730
217993,225863
14160,225978
86331,226119
7443,226586
34673,226850
162903,227454
181009,227782
87827,227849
248268,228276
11238,228428
13475,228458
59962,228890
70981,228968
85889,228968
125509,228969
188207,228969
225747,228969
192136,229640
8681,230400
47964,230400
202214,230578
86834,230680
152532,230995
54441,231223
54441,231224
54441,231225
54441,231226
59967,231857
18,232174
1576,232174
71679,232174
68718,232360
72710,232396
59962,232525
106646,234352
122906,234352
86834,234479
14756,234641
12445,234918
12444,234919
12445,234919
8681,234921
12444,234921
12445,234921
767,234922
12444,234922
12445,234922
767,234923
12445,234923
767,234924
12444,234924
12445,234924
767,234925
12445,234925
767,234926
12444,234926
12445,234926
767,234927
12445,234927
767,234928
12444,234928
12445,234928
767,234929
12444,234929
12445,234929
12445,234930
12445,234932
767,234933
12444,234933
12445,234933
767,234934
12444,234934
12445,234934
207323,234971
132344,235125
47964,235317
109417,235492
38356,236048
49521,236302
16869,236647
19995,236696
57158,236696
64682,236851
132344,236884
107985,237162
82690,237163
1865,237455
101299,237455
82675,238393
105,238572
76649,239019
68718,239107
82693,239111
97630,239271
81452,239517
8871,239979
72331,239996
161,240770
11,252527
12445,252527
97630,255430
2501,271623
205220,281527
80274,284628
82690,294916
116711,294916
77951,300489
1271,306574
77338,333422
12573,357551
209263,357551
2501,370383
11,390158
19995,397312
10764,424182
68721,445918
1735,450628
8355,451877
62211,452205
146239,452205
255268,452696
26123,453588
49538,456008
47964,456735
76492,458843
136795,464993
76203,467633
72710,467645
164457,467645
1865,469759
10764,473460
93456,476163
85446,479656
169813,481337
26123,482044
62211,482044
272,489467
13475,490982
71552,496731
86130,505710
86834,506085
56292,508582
76101,520615
242076,520615
116711,521564
116741,527393
70160,530025
101299,530025
122906,531772
136418,531772
146216,531772
49051,534336
135397,543505
87421,543530
129,544088
132363,548375
106646,549981
87516,550843
124905,550843
157370,550843
41283,551020
138843,553504
2649,553720
105,553735
1735,554085
129,554423
41602,556356
122906,556356
126250,556721
217316,557259
1576,557323
52520,557840
14869,557921
109439,558036
72710,558466
133805,558466
254263,558898
209263,558917
75780,558923
1417,560248
12445,561028
12445,561247
70160,561869
172385,561869
8681,562155
68718,562669
71672,563642
71672,563643
71672,563644
202214,563728
59951,564034
59951,564035
59951,564039
70981,564941
68718,565498
72331,565498
72331,565500
72331,565501
72331,565503
59967,565504
72331,565504
72331,565505
72331,565506
72331,565507
72331,565508
107846,565508
10764,566331
137321,567269
71676,567332
12445,568370
12445,568371
12444,568374
12445,568374
12445,568376
12444,568378
12445,568378
12445,568379
12445,568380
12445,568382
12445,568383
12445,568384
12444,568385
12445,568385
12445,568386
12445,568387
12445,568388
12445,568390
12445,568391
12445,568392
12444,568393
12445,568393
12444,568394
12445,568394
12444,568395
12445,568395
12444,568396
12445,568396
12445,568397
12445,568398
12445,568399
12445,568402
12445,568403
146216,570010
82690,571225
10138,571240
254263,571323
254263,571332
15357,571477
49013,571731
49521,571911
21385,571973
11430,572522
49538,572541
202214,573835
10764,574355
10764,574361
10764,574364
10764,574365
10764,574367
107846,575674
109091,575927
171776,576222
74510,576229
136418,578690
107846,578736
209263,579064
77338,581728
77338,581729
76170,582605
52520,582923
57201,583040
13475,583844
146243,583844
19995,584868
217316,585454
76101,585673
76101,585674
76101,585675
76101,585676
76101,585677
10138,586090
52520,587020
157350,587020
86331,587147
38055,587170
9543,587354
109451,587697
1417,588132
13475,588647
76640,589162
146243,589468
146243,589656
1573,589925
81005,590929
81005,590936
81005,590937
81005,590938
81005,590939
135397,591834
82992,592496
1417,592709
8587,723462
68718,756648
138843,851784
52520,928199
75780,928356
44833,928532
49026,928532
208134,928542
82684,928572
82684,928574
82684,928575
82684,928576
82684,928577
82684,928579
11430,929570
8871,930318
10328,930318
129670,930318
168530,930994
13475,931039
134374,931218
22,931645
755,931730
54138,931939
85446,932091
85446,932093
85446,932095
85446,932097
86130,932918
86130,932919
87827,933160
86331,933178
15357,933179
86331,933179
81452,933186
81452,933187
190955,933271
209263,933271
7443,933684
238,933716
240,933716
116741,934159
188207,934219
76163,934869
87827,935504
193756,935701
177494,936308
72710,936403
82992,936415
15512,936666
15512,936669
44833,937232
13475,938390
70981,938419
840,939624
1726,939869
121,941439
10328,942263
49013,942993
78,943481
193756,944151
193756,944326
2503,944548
1726,944830
12,945094
169813,945426
72710,946356
18823,946696
70981,946696
1576,947006
78,949610
1576,949700
8587,949895
8698,950948
78,951333
1576,951657
107985,951891
1576,952506
8587,952996
8698,953058
53182,953522
8698,953987
8587,954335
14160,954958
767,956224
550,956719
85889,956764
110122,958540
840,959815
116745,961834
146223,962885
134374,963117
1271,963118
1417,963251
13475,963257
50546,963260
105,964124
133805,964415
11,964699
1724,964764
767,964834
12573,965140
120,965278
122,965278
68734,965673
117263,965819
172631,966542
257093,967781
14161,967933
169813,968367
15357,968377
15357,968591
57800,968660
76640,968889
18823,969143
172385,969218
77951,969251
107985,969561
26123,970104
1726,970218
187010,970249
68734,970534
13475,971780
10328,972383
210047,973998
68721,974169
82,974619
9361,975164
51497,979307
202214,979402
86829,979432
138843,979807
171759,979834
13475,980805
12,981048
12,981049
1577,981162
117251,982065
242,982089
755,982183
242,982212
242,982447
453,983467
177494,983536
19995,983705
1726,984619
13475,986700
19995,986734
51497,986813
13475,989924
244688,989952
64807,990136
164457,991960
10138,992389
59967,992427
172385,992427
68721,992507
13475,993162
181009,993943
80274,994016
840,994737
112205,995314
10138,995348
146238,996296
192136,996636
157350,996701
201066,997247
10138,997632
68734,998350
20352,998571
93456,998571
169813,999329
115782,999605
168672,999737
9615,1000089
77663,1000984
1577,1001608
10138,1003061
329,1004156
1726,1004624
26123,1004839
1726,1005698
13475,1007337
91314,1007683
146239,1007683
203833,1008607
257093,1008727
77951,1009221
116711,1009740
127585,1010189
1734,1010264
13475,1010873
169298,1011071
8054,1011904
110414,1012185
11,1012562
110414,1012903
51497,1014572
13475,1014618
133805,1014932
12573,1015643
12573,1015644
169298,1015836
86331,1016071
86331,1016073
86331,1016075
86331,1016076
86331,1016077
86331,1016078
86331,1016079
86331,1016080
86331,1016081
1573,1016112
57165,1016168
59951,1017259
74461,1017294
862,1017469
64635,1018325
181009,1018385
10195,1018947
24428,1018947
100402,1018947
19995,1019578
105,1020340
13475,1020340
64635,1021545
64635,1021546
171759,1021981
177494,1023117
86829,1023139
75780,1023800
117263,1024143
110415,1025681
49521,1025970
13475,1026981
101286,1027097
101286,1027098
72190,1027850
49047,1027852
68724,1029029
49538,1030252
49040,1030256
37724,1030261
87101,1030512
70160,1030513
840,1030924
177494,1030995
840,1031236
840,1031237
76203,1031785
76640,1033495
129670,1033573
202214,1033632
24428,1033652
1577,1035179
72710,1035349
5689,1037039
68718,1037108
1573,1037879
1573,1037880
1573,1037881
1573,1037882
1573,1037883
1573,1037884
1573,1037885
68726,1038379
1577,1038790
534,1039678
54138,1039680
14869,1040850
192136,1041697
193756,1042362
107846,1042684
107846,1042685
68718,1044195
117263,1044954
82690,1045465
109417,1046143
109417,1046144
109417,1046145
177494,1046150
137093,1046200
242042,1046200
12437,1047942
37165,1048405
59962,1048580
19995,1048610
110415,1049409
12437,1049596
72710,1049735
44833,1052162
111473,1052254
111473,1052255
111473,1052256
111473,1052257
111473,1052258
111473,1052259
98,1052482
11322,1052875
11322,1052876
11322,1052877
11322,1052878
11322,1052879
58574,1053673
205724,1053940
1248,1054325
76203,1055235
76203,1055236
75780,1055739
75780,1056052
75780,1056053
127585,1056053
112205,1056523
47964,1059926
11619,1060194
18823,1060671
97630,1061516
19995,1062463
181009,1063128
50108,1065019
133805,1066079
9361,1066171
9361,1066172
500,1067187
68718,1067187
41154,1068400
175555,1069644
109417,1071483
840,1072934
209406,1073006
152742,1073181
125509,1073327
7443,1074137
7443,1074138
70981,1074615
70981,1074616
70981,1074617
70981,1074618
121734,1074722
11619,1075046
11619,1075047
2649,1075080
2649,1075081
58574,1075103
1724,1075146
123553,1075355
64635,1075842
331,1076559
8698,1077312
348,1077325
49040,1077345
83542,1077356
51497,1077794
10527,1077795
10527,1077796
22,1077834
15512,1077843
15512,1077844
1734,1077874
1417,1077942
1417,1077944
1417,1077945
1417,1077947
1417,1077948
1417,1077950
1417,1077952
1417,1077953
1417,1077954
1417,1077955
1417,1077956
109091,1078568
169881,1078568
10138,1078574
152532,1078610
181009,1079121
10138,1079976
192134,1080031
597,1080265
13475,1080735
125509,1081468
125509,1081469
125509,1081470
242042,1082521
205724,1084848
2503,1084850
146239,1084878
101299,1086221
101299,1086222
58574,1086530
49026,1088007
59967,1088041
109091,1088913
169298,1089016
755,1089505
755,1089510
50108,1089584
50108,1089589
50108,1089591
50108,1089595
50108,1089596
50108,1089597
1726,1089759
49040,1089770
1271,1089919
1271,1089920
1271,1089921
1271,1089927
1271,1089928
1271,1089929
1271,1089930
603,1090466
202214,1090804
191566,1091795
15357,1092019
51497,1093706
51497,1093707
51497,1093708
51497,1093709
51497,1093710
57201,1094319
193756,1094319
64686,1095404
122906,1095524
71679,1095911
97020,1096272
10193,1096415
1726,1096679
58574,1097455
58574,1097456
58574,1097457
146238,1097967
75780,1098033
204082,1098572
168530,1099717
680,1099751
256474,1100144
171776,1100549
62177,1102427
13475,1103961
59967,1104568
1576,1104994
136400,1105706
109091,1105711
227348,1105711
68734,1106258
192134,1106755
13475,1107818
125509,1108568
125509,1108569
125509,1108570
125509,1108571
135397,1108907
204082,1109976
72710,1112417
62177,1113604
109091,1114061
13475,1114365
767,1114487
174378,1115103
14869,1115122
68734,1115997
117263,1116009
64807,1116011
117263,1116011
255268,1116011
862,1116442
10193,1116442
105,1116544
68718,1116951
227348,1116973
227348,1117232
2501,1117335
49013,1117784
49013,1117785
132344,1117999
12573,1118717
12573,1118718
146239,1120198
26123,1121562
862,1122227
840,1122770
10138,1122811
254263,1123491
146243,1123882
72710,1123886
138697,1124795
75780,1124950
192136,1125917
82693,1128450
72559,1128522
155084,1128522
72559,1128523
138843,1128556
227783,1129487
68718,1129647
54138,1129806
253046,1131066
59967,1132300
59967,1132301
75780,1132335
68718,1133063
152742,1133330
64682,1133349
39928,1133573
87827,1133846
87827,1133848
87827,1133849
64807,1134443
204082,1134443
110414,1137823
249397,1137823
258216,1137823
249397,1137824
110414,1137826
110414,1137827
156717,1139816
97630,1140088
97630,1140091
97630,1140092
97630,1140093
132344,1140264
132344,1140265
12444,1140635
209263,1142629
76640,1144930
76640,1144931
19995,1145098
22,1146942
208134,1148130
11,1148750
109417,1148762
47964,1150430
87421,1151352
840,1151582
205220,1151957
258216,1151957
203833,1153024
91586,1153842
59962,1154244
172593,1155204
12,1155638
1588,1155676
1588,1155677
76170,1155715
76170,1156024
146239,1156586
68728,1157664
175555,1158063
175555,1158064
175555,1158065
64807,1158067
64807,1158068
64807,1158069
19995,1158600
39928,1158837
218266,1159360
172593,1159716
172593,1159822
172593,1159828
172593,1159830
172593,1159831
172593,1159832
172593,1159833
133805,1159982
157350,1159982
54138,1161711
54138,1161712
181009,1163648
181009,1163649
10328,1164530
121734,1164823
121734,1164824
121734,1164832
188207,1165384
68718,1166415
1895,1167087
174378,1167208
174378,1167209
85889,1167897
242,1169885
242,1169886
242,1169887
242,1169888
175291,1170333
59967,1170659
68718,1170892
68721,1171688
75612,1171689
75612,1171690
68721,1171861
1735,1172006
201066,1172108
134374,1172379
134374,1172381
134374,1172382
134374,1172383
134374,1172384
22,1172661
82700,1172862
82690,1173048
68718,1173099
76203,1173099
155084,1173099
157350,1173230
157350,1173231
680,1173998
680,1173999
680,1174000
680,1174001
680,1174002
680,1174003
680,1174004
680,1174005
680,1174006
680,1174007
680,1174008
680,1174009
181330,1174141
181330,1174142
181330,1174143
151960,1174394
109091,1177536
840,1177596
10138,1177850
680,1177915
11,1178140
75656,1178995
76170,1179243
112205,1179643
72190,1180907
72190,1180908
19995,1180936
177494,1180945
136418,1180974
116741,1180979
116741,1180980
107846,1181295
72710,1181296
107846,1181296
87516,1181326
13475,1181331
87516,1181354
201066,1182673
11,1183443
136795,1183546
202214,1184328
202214,1184329
202214,1184330
202214,1184331
202214,1184333
202214,1184334
136795,1186010
19995,1186027
122906,1186080
192134,1186080
10138,1186481
253046,1186515
146216,1186597
49524,1186622
49524,1186623
175291,1186714
138843,1186839
138843,1186840
138843,1186841
138843,1186842
168530,1187060
168530,1187061
109445,1188241
210047,1189196
77663,1189507
77663,1189508
77663,1189510
175291,1190068
11,1190780
64635,1190814
132363,1190851
175291,1191314
175291,1191316
175291,1191317
175291,1191318
175291,1191320
160588,1191672
160588,1191673
160588,1191674
54138,1192492
209406,1192899
209406,1192900
209406,1192901
123553,1192915
260203,1193052
210047,1193593
210047,1193594
210047,1193595
57158,1193832
57158,1193834
11,1195602
160588,1195805
238,1195877
22,1196317
10138,1197040
152601,1197040
10138,1197358
68718,1198202
75612,1198939
132363,1198999
132363,1199000
36668,1199720
10138,1200313
105,1200788
105,1200791
105,1200792
105,1200793
105,1200794
105,1200796
105,1200797
107985,1200850
107985,1200851
107985,1200852
107985,1200853
107985,1200854
107985,1200855
107985,1200856
107985,1200857
107985,1200858
107985,1200859
169813,1200862
169813,1200863
169813,1200864
169813,1200866
10138,1200895
68718,1200963
19995,1201399
146223,1202386
10138,1202543
1726,1202546
1726,1202554
13475,1202554
13475,1202555
129670,1202600
862,1202809
74461,1203099
68718,1204219
840,1204277
840,1204279
840,1204280
840,1204285
840,1204286
840,1204287
840,1204288
840,1204291
840,1204292
840,1204293
840,1204294
840,1204295
209263,1204646
10138,1205141
10328,1205162
10328,1205163
10328,1205164
10328,1205165
10328,1205166
10328,1205167
10328,1205168
10328,1205169
10328,1205170
10328,1205171
10328,1205172
10328,1205173
10328,1205174
76170,1205489
14161,1205803
68718,1206190
205220,1206260
19995,1207227
19995,1207236
19995,1207247
19995,1207248
19995,1207249
19995,1207250
19995,1207251
19995,1207252
19995,1207253
19995,1207254
19995,1207257
19995,1207259
19995,1207262
19995,1207263
19995,1207264
19995,1207265
19995,1207266
19995,1207267
19995,1207268
19995,1207269
19995,1207270
19995,1207271
19995,1207272
19995,1207273
19995,1207274
19995,1207275
19995,1207276
19995,1207278
19995,1207280
19995,1207281
19995,1207282
19995,1207283
19995,1207287
19995,1207288
19995,1207289
19995,1207290
19995,1207291
19995,1207292
74461,1207440
109445,1207488
109445,1207489
192136,1208133
146233,1208406
109439,1208438
603,1209244
603,1209245
603,1209246
603,1209247
603,1209248
603,1209249
603,1209250
603,1209251
603,1209252
603,1209253
603,1209254
603,1209255
603,1209256
603,1209257
242,1209294
1726,1209417
1726,1209418
1726,1209419
1726,1209702
1726,1209703
1726,1209704
1726,1209705
1726,1209706
1726,1209707
1726,1209708
1726,1209709
1726,1209710
1726,1209711
1726,1209712
1726,1209713
1726,1209714
10138,1209714
1726,1209715
1726,1209716
1726,1209717
1726,1209718
1726,1209719
1726,1209720
1726,1209721
1726,1209722
1726,1209723
1726,1209724
1726,1209725
1726,1209726
1726,1209727
1726,1209728
1726,1209729
1726,1209730
1726,1209731
146223,1209911
12,1211731
106646,1211946
68734,1212192
140823,1212273
13475,1212484
11,1212896
133805,1213299
76203,1213573
136795,1213573
177494,1213603
217993,1213637
200,1213786
9473,1213786
177494,1214430
24428,1214673
76589,1214673
1724,1215283
97630,1215663
1571,1215689
13475,1216155
11,1216947
562,1217001
209247,1217648
862,1217873
177494,1218634
109091,1218936
68734,1219226
52520,1219446
550,1219497
75780,1219514
38365,1219901
12444,1220036
255268,1221121
78,1221198
187010,1221332
550,1221838
68734,1222215
132344,1223384
138697,1223438
255268,1223438
138697,1223439
49047,1223440
49047,1223442
91586,1223444
8277,1223726
87101,1223786
192134,1223786
331,1223986
24428,1224022
285,1224149
1724,1224149
242042,1224173
177494,1224424
177494,1224448
155084,1224525
76649,1224669
26123,1224744
550,1224996
253046,1225170
10138,1225936
13475,1226016
12437,1226685
64635,1226806
550,1226835
1577,1227294
255491,1227898
10138,1228219
64635,1228319
13475,1228940
10138,1230885
193756,1230897
10138,1231548
50546,1233525
1577,1233591
11452,1233672
134374,1233672
10764,1234388
13475,1235227
146216,1235294
9257,1235426
10138,1236642
123553,1240078
255718,1240156
135397,1240477
64682,1243767
68718,1246772
64686,1253541
58,1254626
192134,1255247
59967,1256260
260203,1256300
76285,1257753
82992,1258227
14160,1260745
109424,1261694
24428,1263294
10138,1265248
10138,1265249
10138,1265250
10138,1265251
10138,1265252
77951,1265629
10138,1265795
10138,1265796
10138,1265797
10138,1265798
10138,1265799
10138,1265800
10138,1265801
10138,1265802
10138,1265803
10138,1265804
10138,1265805
10138,1265806
10138,1265807
10138,1265808
10138,1265809
10138,1265810
10138,1265811
10138,1265812
10138,1265813
10138,1265814
10138,1265815
10138,1265816
10138,1265817
10138,1265818
10138,1265819
10138,1265820
10138,1265821
10138,1265822
10138,1265823
10138,1265824
10138,1265825
10138,1265826
10138,1265827
10138,1265828
10138,1265829
10138,1265830
10138,1265831
10138,1265832
10138,1265833
10138,1265834
10138,1265835
10138,1265836
10138,1265837
10138,1265838
10138,1265839
10138,1265840
10138,1265841
862,1266092
862,1266095
14160,1266117
14160,1266119
80274,1266195
208134,1266854
109424,1266858
109424,1266859
109424,1266862
76203,1267329
217993,1267558
22,1269546
22,1269548
22,1269549
22,1269550
22,1269551
22,1269553
22,1269554
22,1269555
22,1269556
22,1269557
22,1269559
22,1269560
22,1269561
22,1269562
22,1269602
22,1269603
22,1269604
22,1269605
22,1269606
22,1269607
22,1269608
22,1269609
22,1269610
22,1269611
22,1269612
22,1269613
76338,1270111
11,1271058
11,1271059
11,1271060
11,1271061
11,1271062
11,1271063
11,1271064
11,1271065
11,1271066
11,1271067
11,1271068
11,1271069
11,1271070
11,1271071
11,1271072
11,1271073
11,1271074
11,1271075
11,1271076
11,1271077
11,1271078
11,1271079
11,1271080
11,1271081
11,1271082
11,1271083
11,1271085
11,1271086
11,1271091
11,1271092
11,1271095
11,1271096
11,1271102
11,1271104
11,1271106
11,1271107
242076,1271113
11,1271116
11,1271121
11,1271122
11,1271123
11,1271124
11,1271125
11,1271126
11,1271127
11,1271128
11,1271129
11,1271131
62211,1271300
72559,1271445
72559,1271446
87827,1271647
87827,1271648
87827,1271649
87827,1271650
87827,1271651
87827,1271652
59967,1271661
13475,1271733
54138,1271733
72331,1271772
72331,1271773
82693,1271780
82693,1271781
82693,1271782
82693,1271783
82693,1271784
82693,1271785
240916,1271810
146239,1272290
146239,1272291
12444,1272644
12444,1272645
12444,1272646
68724,1272862
76285,1272881
76285,1272883
76285,1272884
76285,1272885
75780,1272901
164457,1272901
172391,1272902
82700,1272929
82700,1272930
70981,1272932
70981,1272933
64682,1272936
64682,1272937
64682,1272938
64682,1272939
64682,1272940
64682,1272941
64682,1272942
75780,1272959
75780,1272960
75780,1272961
75780,1272962
49521,1272968
49521,1272969
49521,1272970
49521,1272971
134374,1272982
68734,1272989
68734,1272990
68734,1272991
68734,1272992
68734,1272993
116711,1273228
116711,1273229
72710,1273231
72710,1273232
72710,1273233
72710,1273234
72710,1273235
72710,1273236
72710,1273237
72710,1273238
72710,1273239
72710,1273240
77951,1274156
86834,1274232
680,1274295
680,1274296
680,1274297
680,1274298
680,1274299
13475,1274566
34673,1274823
34673,1274824
34673,1274825
13475,1274869
13475,1275518
13475,1275519
13475,1275520
13475,1275521
13475,1275522
13475,1275523
13475,1275524
132344,1275640
132344,1275641
13475,1275932
13475,1275933
13475,1275934
13475,1275935
13475,1275936
13475,1275937
13475,1275938
13475,1275939
242076,1277051
77931,1277188
203833,1277223
203833,1277224
137093,1277225
205220,1277228
175574,1277229
109417,1277246
107985,1278121
107985,1278122
107985,1278123
107985,1278124
107985,1278125
107985,1278127
107985,1278128
107985,1278129
107985,1278130
107985,1278131
107985,1278132
107985,1278134
107985,1278135
107985,1278136
107985,1278137
13475,1278357
13475,1278358
13475,1278359
13475,1278360
13475,1278361
13475,1278363
13475,1278364
13475,1278365
13475,1278367
13475,1278368
13475,1278369
13475,1278370
13475,1278371
13475,1278372
13475,1278373
13475,1278375
13475,1278378
13475,1278379
13475,1278380
13475,1278381
13475,1278382
13475,1278383
13475,1278384
13475,1278385
13475,1278386
13475,1278387
13475,1278388
13475,1278389
13475,1278390
13475,1278391
13475,1278392
13475,1278393
13475,1278394
13475,1278395
13475,1278397
13475,1278398
13475,1278399
13475,1278508
13475,1278509
13475,1278514
13475,1278515
13475,1278516
13475,1278521
329,1278538
329,1278539
329,1278540
329,1278541
329,1278542
140823,1278755
140823,1278758
124905,1278772
193756,1278776
193756,1278777
230222,1278780
230222,1278781
64686,1278788
64686,1278789
255718,1279941
244688,1279972
244688,1279973
2503,1280230
2503,1280231
2503,1280232
2503,1280233
58574,1280233
2503,1280234
2503,1280235
2503,1280236
227348,1282218
227348,1282221
19913,1282303
1577,1282733
1577,1282734
1577,1282737
1577,1282738
1577,1282739
1577,1282740
1577,1282741
1577,1282742
1577,1282743
1577,1282744
1577,1282746
1577,1282758
1577,1282760
1577,1282767
1577,1282769
1577,1282773
1577,1282774
1577,1282775
1577,1282777
1577,1282780
1577,1282783
1577,1282788
1577,1282791
1577,1282793
1577,1282795
1577,1282796
1577,1282801
1577,1282802
1577,1282804
1577,1282808
1577,1282809
132344,1282892
132344,1282893
132344,1282894
132344,1282895
193756,1283040
193756,1283041
193756,1283042
193756,1283043
193756,1283044
193756,1283045
193756,1283046
193756,1283047
193756,1283048
193756,1283049
193756,1283050
193756,1283051
193756,1283052
193756,1283053
193756,1283054
193756,1283055
193756,1283056
193756,1283057
193756,1283058
193756,1283059
193756,1283060
193756,1283061
193756,1283062
193756,1283063
193756,1283064
193756,1283065
127585,1284084
240916,1285388
248268,1286162
70160,1286617
75780,1286869
75780,1286870
75780,1286871
75780,1286873
75780,1286875
75780,1286876
75780,1286877
75780,1286878
75780,1286879
174378,1287002
174378,1287003
156717,1287647
500,1287673
26123,1287722
169298,1288585
26123,1288767
68734,1288785
1735,1290457
562,1290983
68718,1291797
68718,1291798
68718,1291961
68718,1291965
68718,1291968
559,1292243
133805,1292474
68718,1292475
68718,1292476
68718,1292477
68718,1292478
68718,1292479
68718,1292480
68718,1292481
68718,1292482
68718,1292483
68718,1292484
68718,1292485
68718,1292486
68718,1292487
68718,1292488
68718,1292489
68718,1292490
68718,1292491
68718,1292492
68718,1292493
68718,1292494
68718,1292495
68718,1292496
12437,1292753
217316,1293265
76649,1294155
253046,1294337
253046,1294339
187010,1294343
187010,1294344
96721,1294711
96721,1294712
79067,1295652
79067,1295653
79067,1295654
100542,1295944
100542,1295945
100542,1295951
5689,1296157
257093,1296503
242076,1296517
192134,1297114
177494,1297415
109445,1297610
76203,1299189
76203,1299192
152532,1299674
64635,1300910
109439,1300910
50619,1301092
177494,1301181
177494,1301186
177494,1301187
257093,1301263
257093,1301264
214140,1302835
260203,1302873
255491,1302965
255718,1304599
